country,log_beta_S,beta_S,log_posterior,log_posterior_raw,posterior_weight,grid_half_width,grid_points,grid_tail_drop_target,grid_min_effective_points_target,grid_max_single_weight_target,grid_left_edge_drop,grid_right_edge_drop,grid_min_edge_drop,grid_effective_points,grid_max_weight,grid_smoothing
Brazil,-4.70782256296684,0.009024406280992145,-3285.6407345623434,-3285.4152827995104,4.8844383247465616e-17,0.002609349200089877,161,20.0,10.0,0.2,34.620984917128226,27.257772175595164,27.257772175595164,35.791523039413605,0.05302947624466334,savgol
Brazil,-4.7077899461018395,0.009024700633633928,-3284.742473508233,-3287.1063354382595,1.199290654087792e-16,0.002609349200089877,161,20.0,10.0,0.2,34.620984917128226,27.257772175595164,27.257772175595164,35.791523039413605,0.05302947624466334,savgol
Brazil,-4.707757329236838,0.009024994995876738,-3283.862412666781,-3291.162989667555,2.891545406319036e-16,0.002609349200089877,161,20.0,10.0,0.2,34.620984917128226,27.257772175595164,27.257772175595164,35.791523039413605,0.05302947624466334,savgol
Brazil,-4.707724712371837,0.00902528936772087,-3283.000552037987,-3291.1895053214544,6.845912307118492e-16,0.002609349200089877,161,20.0,10.0,0.2,34.620984917128226,27.257772175595164,27.257772175595164,35.791523039413605,0.05302947624466334,savgol
Brazil,-4.707692095506836,0.009025583749166644,-3282.156891621851,-3289.184079171544,1.5915797139720986e-15,0.002609349200089877,161,20.0,10.0,0.2,34.620984917128226,27.257772175595164,27.257772175595164,35.791523039413605,0.05302947624466334,savgol
Brazil,-4.707659478641835,0.009025878140214376,-3281.331431418374,-3282.647364641788,3.633466885194077e-15,0.002609349200089877,161,20.0,10.0,0.2,34.620984917128226,27.257772175595164,27.257772175595164,35.791523039413605,0.05302947624466334,savgol
Brazil,-4.707626861776833,0.009026172540864385,-3280.524171427555,-3281.693705470231,8.145350291805103e-15,0.002609349200089877,161,20.0,10.0,0.2,34.620984917128226,27.257772175595164,27.257772175595164,35.791523039413605,0.05302947624466334,savgol
Brazil,-4.707594244911832,0.009026466951116969,-3279.735111649394,-3285.503373891944,1.7930569082973173e-14,0.002609349200089877,161,20.0,10.0,0.2,34.620984917128226,27.257772175595164,27.257772175595164,35.791523039413605,0.05302947624466334,savgol
Brazil,-4.7075616280468315,0.009026761370972448,-3278.9642520838916,-3281.20094186469,3.87591397214321e-14,0.002609349200089877,161,20.0,10.0,0.2,34.620984917128226,27.257772175595164,27.257772175595164,35.791523039413605,0.05302947624466334,savgol
Brazil,-4.707529011181831,0.009027055800431137,-3278.2115927310474,-3279.8544333378754,8.227159798111095e-14,0.002609349200089877,161,20.0,10.0,0.2,34.620984917128226,27.257772175595164,27.257772175595164,35.791523039413605,0.05302947624466334,savgol
Brazil,-4.707496394316829,0.009027350239493357,-3277.4771335908117,-3284.588524055235,1.7148316265483648e-13,0.002609349200089877,161,20.0,10.0,0.2,34.620984917128226,27.257772175595164,27.257772175595164,35.791523039413605,0.05302947624466334,savgol
Brazil,-4.707463777451828,0.009027644688159404,-3276.390446110993,-3283.038322385654,5.083512088294448e-13,0.002609349200089877,161,20.0,10.0,0.2,34.620984917128226,27.257772175595164,27.257772175595164,35.791523039413605,0.05302947624466334,savgol
Brazil,-4.707431160586827,0.009027939146429602,-3275.287273751203,-3278.32276711188,1.5320238597909534e-12,0.002609349200089877,161,20.0,10.0,0.2,34.620984917128226,27.257772175595164,27.257772175595164,35.791523039413605,0.05302947624466334,savgol
Brazil,-4.707398543721826,0.009028233614304259,-3274.9750155032293,-3277.2445523584847,2.0935221639385993e-12,0.002609349200089877,161,20.0,10.0,0.2,34.620984917128226,27.257772175595164,27.257772175595164,35.791523039413605,0.05302947624466334,savgol
Brazil,-4.707365926856824,0.009028528091783701,-3274.562593174015,-3280.20262993074,3.16220706678866e-12,0.002609349200089877,161,20.0,10.0,0.2,34.620984917128226,27.257772175595164,27.257772175595164,35.791523039413605,0.05302947624466334,savgol
Brazil,-4.7073333099918235,0.009028822578868225,-3274.284274574568,-3277.5711301137385,4.176981356391489e-12,0.002609349200089877,161,20.0,10.0,0.2,34.620984917128226,27.257772175595164,27.257772175595164,35.791523039413605,0.05302947624466334,savgol
Brazil,-4.707300693126823,0.00902911707555815,-3273.615564300817,-3276.0558702872186,8.152291846325417e-12,0.002609349200089877,161,20.0,10.0,0.2,34.620984917128226,27.257772175595164,27.257772175595164,35.791523039413605,0.05302947624466334,savgol
Brazil,-4.707268076261822,0.00902941158185379,-3272.960429470894,-3274.1150544877687,1.5696439854533004e-11,0.002609349200089877,161,20.0,10.0,0.2,34.620984917128226,27.257772175595164,27.257772175595164,35.791523039413605,0.05302947624466334,savgol
Brazil,-4.70723545939682,0.009029706097755469,-3272.568577038023,-3274.2343109570834,2.3226325580397227e-11,0.002609349200089877,161,20.0,10.0,0.2,34.620984917128226,27.257772175595164,27.257772175595164,35.791523039413605,0.05302947624466334,savgol
Brazil,-4.707202842531819,0.009030000623263479,-3271.517110198396,-3278.870153628828,6.647016486086955e-11,0.002609349200089877,161,20.0,10.0,0.2,34.620984917128226,27.257772175595164,27.257772175595164,35.791523039413605,0.05302947624466334,savgol
Brazil,-4.707170225666818,0.009030295158378146,-3270.0583707292253,-3276.216624689226,2.858572806181475e-10,0.002609349200089877,161,20.0,10.0,0.2,34.620984917128226,27.257772175595164,27.257772175595164,35.791523039413605,0.05302947624466334,savgol
Brazil,-4.707137608801816,0.00903058970309979,-3269.7703500042853,-3274.4821095595303,3.8127213772159706e-10,0.002609349200089877,161,20.0,10.0,0.2,34.620984917128226,27.257772175595164,27.257772175595164,35.791523039413605,0.05302947624466334,savgol
Brazil,-4.7071049919368155,0.009030884257428708,-3269.2735798676777,-3276.0115609637396,6.265844294844983e-10,0.002609349200089877,161,20.0,10.0,0.2,34.620984917128226,27.257772175595164,27.257772175595164,35.791523039413605,0.05302947624466334,savgol
Brazil,-4.707072375071815,0.009031178821365221,-3268.3806211326164,-3269.5420251888027,1.5303354887767025e-09,0.002609349200089877,161,20.0,10.0,0.2,34.620984917128226,27.257772175595164,27.257772175595164,35.791523039413605,0.05302947624466334,savgol
Brazil,-4.707039758206814,0.009031473394909643,-3267.3029166149236,-3272.290893087845,4.4960152422710155e-09,0.002609349200089877,161,20.0,10.0,0.2,34.620984917128226,27.257772175595164,27.257772175595164,35.791523039413605,0.05302947624466334,savgol
Brazil,-4.707007141341812,0.009031767978062296,-3266.6091676866067,-3270.378709663309,8.997443047051348e-09,0.002609349200089877,161,20.0,10.0,0.2,34.620984917128226,27.257772175595164,27.257772175595164,35.791523039413605,0.05302947624466334,savgol
Brazil,-4.706974524476811,0.009032062570823476,-3265.7133773612345,-3269.22968727958,2.2037174039920216e-08,0.002609349200089877,161,20.0,10.0,0.2,34.620984917128226,27.257772175595164,27.257772175595164,35.791523039413605,0.05302947624466334,savgol
Brazil,-4.70694190761181,0.009032357173193504,-3264.682456729319,-3265.930736604708,6.178442983947285e-08,0.002609349200089877,161,20.0,10.0,0.2,34.620984917128226,27.257772175595164,27.257772175595164,35.791523039413605,0.05302947624466334,savgol
Brazil,-4.706909290746809,0.009032651785172695,-3263.7630562147033,-3264.1635432432786,1.5494216263461034e-07,0.002609349200089877,161,20.0,10.0,0.2,34.620984917128226,27.257772175595164,27.257772175595164,35.791523039413605,0.05302947624466334,savgol
Brazil,-4.7068766738818075,0.009032946406761371,-3263.289811299826,-3268.3148281669764,2.487123027617962e-07,0.002609349200089877,161,20.0,10.0,0.2,34.620984917128226,27.257772175595164,27.257772175595164,35.791523039413605,0.05302947624466334,savgol
Brazil,-4.706844057016807,0.009033241037959827,-3262.634341717807,-3273.383727597884,4.790315204231991e-07,0.002609349200089877,161,20.0,10.0,0.2,34.620984917128226,27.257772175595164,27.257772175595164,35.791523039413605,0.05302947624466334,savgol
Brazil,-4.706811440151806,0.009033535678768386,-3262.636617155279,-3262.7024976799057,4.779427533317336e-07,0.002609349200089877,161,20.0,10.0,0.2,34.620984917128226,27.257772175595164,27.257772175595164,35.791523039413605,0.05302947624466334,savgol
Brazil,-4.706778823286805,0.009033830329187361,-3262.2187952661834,-3264.183484357199,7.2582783984976e-07,0.002609349200089877,161,20.0,10.0,0.2,34.620984917128226,27.257772175595164,27.257772175595164,35.791523039413605,0.05302947624466334,savgol
Brazil,-4.706746206421803,0.009034124989217074,-3262.1437703510323,-3264.96867971117,7.823778176635649e-07,0.002609349200089877,161,20.0,10.0,0.2,34.620984917128226,27.257772175595164,27.257772175595164,35.791523039413605,0.05302947624466334,savgol
Brazil,-4.706713589556802,0.009034419658857823,-3261.63011197777,-3266.209755137966,1.3076620668037875e-06,0.002609349200089877,161,20.0,10.0,0.2,34.620984917128226,27.257772175595164,27.257772175595164,35.791523039413605,0.05302947624466334,savgol
Brazil,-4.706680972691801,0.009034714338109928,-3261.230137514034,-3264.5374242947305,1.9507527518528413e-06,0.002609349200089877,161,20.0,10.0,0.2,34.620984917128226,27.257772175595164,27.257772175595164,35.791523039413605,0.05302947624466334,savgol
Brazil,-4.7066483558268,0.009035009026973703,-3260.8320236990894,-3266.0317419015473,2.904697167556116e-06,0.002609349200089877,161,20.0,10.0,0.2,34.620984917128226,27.257772175595164,27.257772175595164,35.791523039413605,0.05302947624466334,savgol
Brazil,-4.706615738961799,0.00903530372544947,-3260.7860624130453,-3268.107293201681,3.041316332061526e-06,0.002609349200089877,161,20.0,10.0,0.2,34.620984917128226,27.257772175595164,27.257772175595164,35.791523039413605,0.05302947624466334,savgol
Brazil,-4.706583122096798,0.009035598433537526,-3259.8088632639133,-3265.8925478966285,8.080789472872195e-06,0.002609349200089877,161,20.0,10.0,0.2,34.620984917128226,27.257772175595164,27.257772175595164,35.791523039413605,0.05302947624466334,savgol
Brazil,-4.706550505231797,0.009035893151238192,-3258.9296029730162,-3258.9457625643313,1.9467567303676205e-05,0.002609349200089877,161,20.0,10.0,0.2,34.620984917128226,27.257772175595164,27.257772175595164,35.791523039413605,0.05302947624466334,savgol
Brazil,-4.706517888366795,0.009036187878551791,-3258.514176149106,-3267.2316554868303,2.9493700247432132e-05,0.002609349200089877,161,20.0,10.0,0.2,34.620984917128226,27.257772175595164,27.257772175595164,35.791523039413605,0.05302947624466334,savgol
Brazil,-4.706485271501794,0.00903648261547862,-3258.5002774413065,-3257.341135442511,2.9906486522055588e-05,0.002609349200089877,161,20.0,10.0,0.2,34.620984917128226,27.257772175595164,27.257772175595164,35.791523039413605,0.05302947624466334,savgol
Brazil,-4.706452654636793,0.009036777362019,-3257.8577146652124,-3261.6166814641933,5.686261944568678e-05,0.002609349200089877,161,20.0,10.0,0.2,34.620984917128226,27.257772175595164,27.257772175595164,35.791523039413605,0.05302947624466334,savgol
Brazil,-4.706420037771792,0.009037072118173244,-3257.2445894412413,-3259.825698963646,0.00010497932200423764,0.002609349200089877,161,20.0,10.0,0.2,34.620984917128226,27.257772175595164,27.257772175595164,35.791523039413605,0.05302947624466334,savgol
Brazil,-4.706387420906791,0.009037366883941675,-3256.6712381841708,-3259.8889450309503,0.00018625461855093756,0.002609349200089877,161,20.0,10.0,0.2,34.620984917128226,27.257772175595164,27.257772175595164,35.791523039413605,0.05302947624466334,savgol
Brazil,-4.70635480404179,0.00903766165932459,-3256.3886405188855,-3261.5814950087224,0.00024708003681460345,0.002609349200089877,161,20.0,10.0,0.2,34.620984917128226,27.257772175595164,27.257772175595164,35.791523039413605,0.05302947624466334,savgol
Brazil,-4.706322187176789,0.009037956444322311,-3255.858896868918,-3261.1048054960715,0.0004196646625188233,0.002609349200089877,161,20.0,10.0,0.2,34.620984917128226,27.257772175595164,27.257772175595164,35.791523039413605,0.05302947624466334,savgol
Brazil,-4.706289570311788,0.009038251238935152,-3255.8352806905696,-3254.6690339324127,0.0004296934932574542,0.002609349200089877,161,20.0,10.0,0.2,34.620984917128226,27.257772175595164,27.257772175595164,35.791523039413605,0.05302947624466334,savgol
Brazil,-4.706256953446786,0.009038546043163433,-3256.091901511446,-3263.91580137304,0.00033243731874296555,0.002609349200089877,161,20.0,10.0,0.2,34.620984917128226,27.257772175595164,27.257772175595164,35.791523039413605,0.05302947624466334,savgol
Brazil,-4.706224336581785,0.009038840857007452,-3256.416099468429,-3260.9940515078656,0.0002403877802068971,0.002609349200089877,161,20.0,10.0,0.2,34.620984917128226,27.257772175595164,27.257772175595164,35.791523039413605,0.05302947624466334,savgol
Brazil,-4.706191719716784,0.009039135680467533,-3255.8759638597294,-3258.3856599881547,0.00041256302376225954,0.002609349200089877,161,20.0,10.0,0.2,34.620984917128226,27.257772175595164,27.257772175595164,35.791523039413605,0.05302947624466334,savgol
Brazil,-4.7061591028517835,0.009039430513543986,-3255.9422063336615,-3259.9009477756736,0.0003861193447819438,0.002609349200089877,161,20.0,10.0,0.2,34.620984917128226,27.257772175595164,27.257772175595164,35.791523039413605,0.05302947624466334,savgol
Brazil,-4.706126485986782,0.009039725356237135,-3255.187804755686,-3259.255356311476,0.0008210205035597602,0.002609349200089877,161,20.0,10.0,0.2,34.620984917128226,27.257772175595164,27.257772175595164,35.791523039413605,0.05302947624466334,savgol
Brazil,-4.706093869121781,0.009040020208547278,-3254.9960376967556,-3259.71382386478,0.0009945746337224977,0.002609349200089877,161,20.0,10.0,0.2,34.620984917128226,27.257772175595164,27.257772175595164,35.791523039413605,0.05302947624466334,savgol
Brazil,-4.70606125225678,0.009040315070474736,-3254.831753498215,-3260.3166294361954,0.0011721551483298881,0.002609349200089877,161,20.0,10.0,0.2,34.620984917128226,27.257772175595164,27.257772175595164,35.791523039413605,0.05302947624466334,savgol
Brazil,-4.706028635391779,0.009040609942019821,-3254.793561674805,-3258.289825811648,0.0012177877401432558,0.002609349200089877,161,20.0,10.0,0.2,34.620984917128226,27.257772175595164,27.257772175595164,35.791523039413605,0.05302947624466334,savgol
Brazil,-4.705996018526777,0.009040904823182858,-3254.623292542926,-3261.1637970782513,0.001443838246885571,0.002609349200089877,161,20.0,10.0,0.2,34.620984917128226,27.257772175595164,27.257772175595164,35.791523039413605,0.05302947624466334,savgol
Brazil,-4.705963401661776,0.009041199713964141,-3254.753589979838,-3256.6087624150637,0.0012674507248780257,0.002609349200089877,161,20.0,10.0,0.2,34.620984917128226,27.257772175595164,27.257772175595164,35.791523039413605,0.05302947624466334,savgol
Brazil,-4.7059307847967755,0.009041494614363994,-3254.0664081608174,-3255.7044526545465,0.002519824859506678,0.002609349200089877,161,20.0,10.0,0.2,34.620984917128226,27.257772175595164,27.257772175595164,35.791523039413605,0.05302947624466334,savgol
Brazil,-4.705898167931775,0.009041789524382731,-3253.964892457623,-3253.124198013208,0.00278906134043804,0.002609349200089877,161,20.0,10.0,0.2,34.620984917128226,27.257772175595164,27.257772175595164,35.791523039413605,0.05302947624466334,savgol
Brazil,-4.705865551066773,0.009042084444020673,-3253.7291441414704,-3257.3795006450387,0.0035305491247251625,0.002609349200089877,161,20.0,10.0,0.2,34.620984917128226,27.257772175595164,27.257772175595164,35.791523039413605,0.05302947624466334,savgol
Brazil,-4.705832934201772,0.009042379373278118,-3253.186848809766,-3258.3504126439957,0.006072368641522282,0.002609349200089877,161,20.0,10.0,0.2,34.620984917128226,27.257772175595164,27.257772175595164,35.791523039413605,0.05302947624466334,savgol
Brazil,-4.705800317336771,0.009042674312155389,-3252.7565727030997,-3261.7151707008143,0.009337372134748733,0.002609349200089877,161,20.0,10.0,0.2,34.620984917128226,27.257772175595164,27.257772175595164,35.791523039413605,0.05302947624466334,savgol
Brazil,-4.705767700471769,0.009042969260652805,-3252.524292931064,-3258.936301414946,0.011778839143413843,0.002609349200089877,161,20.0,10.0,0.2,34.620984917128226,27.257772175595164,27.257772175595164,35.791523039413605,0.05302947624466334,savgol
Brazil,-4.705735083606768,0.009043264218770665,-3252.3907503242845,-3257.0148701960075,0.013461681410150002,0.002609349200089877,161,20.0,10.0,0.2,34.620984917128226,27.257772175595164,27.257772175595164,35.791523039413605,0.05302947624466334,savgol
Brazil,-4.7057024667417675,0.00904355918650929,-3252.576237465153,-3254.2070379610777,0.011182612253314156,0.002609349200089877,161,20.0,10.0,0.2,34.620984917128226,27.257772175595164,27.257772175595164,35.791523039413605,0.05302947624466334,savgol
Brazil,-4.705669849876767,0.009043854163868997,-3252.4847211430097,-3257.294331249641,0.012254294129143355,0.002609349200089877,161,20.0,10.0,0.2,34.620984917128226,27.257772175595164,27.257772175595164,35.791523039413605,0.05302947624466334,savgol
Brazil,-4.705637233011765,0.009044149150850105,-3252.6894594599444,-3252.3265804485077,0.009985540531812508,0.002609349200089877,161,20.0,10.0,0.2,34.620984917128226,27.257772175595164,27.257772175595164,35.791523039413605,0.05302947624466334,savgol
Brazil,-4.705604616146764,0.009044444147452911,-3252.902085969262,-3254.9115287659642,0.008072890450577503,0.002609349200089877,161,20.0,10.0,0.2,34.620984917128226,27.257772175595164,27.257772175595164,35.791523039413605,0.05302947624466334,savgol
Brazil,-4.705571999281763,0.00904473915367774,-3252.790507722536,-3255.329212076317,0.00902582431774133,0.002609349200089877,161,20.0,10.0,0.2,34.620984917128226,27.257772175595164,27.257772175595164,35.791523039413605,0.05302947624466334,savgol
Brazil,-4.705539382416762,0.009045034169524905,-3252.109293065674,-3255.4211214496727,0.01783752695698991,0.002609349200089877,161,20.0,10.0,0.2,34.620984917128226,27.257772175595164,27.257772175595164,35.791523039413605,0.05302947624466334,savgol
Brazil,-4.70550676555176,0.009045329194994725,-3251.780434940451,-3257.6895963775282,0.02478311610937858,0.002609349200089877,161,20.0,10.0,0.2,34.620984917128226,27.257772175595164,27.257772175595164,35.791523039413605,0.05302947624466334,savgol
Brazil,-4.7054741486867595,0.0090456242300875,-3251.612641052381,-3258.9581341872126,0.02931081344075009,0.002609349200089877,161,20.0,10.0,0.2,34.620984917128226,27.257772175595164,27.257772175595164,35.791523039413605,0.05302947624466334,savgol
Brazil,-4.705441531821759,0.009045919274803553,-3251.677948408926,-3256.9654039961806,0.02745776897837263,0.002609349200089877,161,20.0,10.0,0.2,34.620984917128226,27.257772175595164,27.257772175595164,35.791523039413605,0.05302947624466334,savgol
Brazil,-4.705408914956758,0.009046214329143196,-3251.602144784588,-3257.044193321495,0.029620087862003725,0.002609349200089877,161,20.0,10.0,0.2,34.620984917128226,27.257772175595164,27.257772175595164,35.791523039413605,0.05302947624466334,savgol
Brazil,-4.705376298091756,0.009046509393106751,-3251.5203242879334,-3253.9011730629054,0.032145525710146214,0.002609349200089877,161,20.0,10.0,0.2,34.620984917128226,27.257772175595164,27.257772175595164,35.791523039413605,0.05302947624466334,savgol
Brazil,-4.705343681226755,0.009046804466694517,-3251.2486657321047,-3255.991635113689,0.04217939482993292,0.002609349200089877,161,20.0,10.0,0.2,34.620984917128226,27.257772175595164,27.257772175595164,35.791523039413605,0.05302947624466334,savgol
Brazil,-4.705311064361754,0.009047099549906816,-3251.4275806883784,-3255.910654927033,0.03526944016738069,0.002609349200089877,161,20.0,10.0,0.2,34.620984917128226,27.257772175595164,27.257772175595164,35.791523039413605,0.05302947624466334,savgol
Brazil,-4.705278447496753,0.009047394642743959,-3251.239919260611,-3251.019749645215,0.04254993379648849,0.002609349200089877,161,20.0,10.0,0.2,34.620984917128226,27.257772175595164,27.257772175595164,35.791523039413605,0.05302947624466334,savgol
Brazil,-4.7052458306317515,0.009047689745206271,-3251.075146079931,-3252.488720596398,0.050171717915559556,0.002609349200089877,161,20.0,10.0,0.2,34.620984917128226,27.257772175595164,27.257772175595164,35.791523039413605,0.05302947624466334,savgol
Brazil,-4.705213213766751,0.00904798485729405,-3251.113632431109,-3256.177933584804,0.04827747658579665,0.002609349200089877,161,20.0,10.0,0.2,34.620984917128226,27.257772175595164,27.257772175595164,35.791523039413605,0.05302947624466334,savgol
Brazil,-4.70518059690175,0.009048279979007617,-3251.019749645215,-3254.9089048728124,0.05302947624466334,0.002609349200089877,161,20.0,10.0,0.2,34.620984917128226,27.257772175595164,27.257772175595164,35.791523039413605,0.05302947624466334,savgol
Brazil,-4.705147980036748,0.009048575110347295,-3251.2036922651114,-3253.7389172921726,0.04411965146366004,0.002609349200089877,161,20.0,10.0,0.2,34.620984917128226,27.257772175595164,27.257772175595164,35.791523039413605,0.05302947624466334,savgol
Brazil,-4.705115363171747,0.009048870251313379,-3251.4407790666714,-3255.2914579196618,0.03480699920223897,0.002609349200089877,161,20.0,10.0,0.2,34.620984917128226,27.257772175595164,27.257772175595164,35.791523039413605,0.05302947624466334,savgol
Brazil,-4.705082746306746,0.009049165401906194,-3251.5896057475284,-3257.0172590201323,0.029993833550015874,0.002609349200089877,161,20.0,10.0,0.2,34.620984917128226,27.257772175595164,27.257772175595164,35.791523039413605,0.05302947624466334,savgol
Brazil,-4.705050129441745,0.009049460562126053,-3251.8273078432094,-3257.1759156343123,0.023648264191128292,0.002609349200089877,161,20.0,10.0,0.2,34.620984917128226,27.257772175595164,27.257772175595164,35.791523039413605,0.05302947624466334,savgol
Brazil,-4.7050175125767435,0.009049755731973278,-3251.8615905232086,-3258.1004233730987,0.022851277789010083,0.002609349200089877,161,20.0,10.0,0.2,34.620984917128226,27.257772175595164,27.257772175595164,35.791523039413605,0.05302947624466334,savgol
Brazil,-4.704984895711743,0.009050050911448167,-3252.1573417222057,-3255.699508431936,0.017000722404301553,0.002609349200089877,161,20.0,10.0,0.2,34.620984917128226,27.257772175595164,27.257772175595164,35.791523039413605,0.05302947624466334,savgol
Brazil,-4.704952278846742,0.009050346100551042,-3252.149877937806,-3255.4300982755917,0.017128086850076808,0.002609349200089877,161,20.0,10.0,0.2,34.620984917128226,27.257772175595164,27.257772175595164,35.791523039413605,0.05302947624466334,savgol
Brazil,-4.704919661981741,0.009050641299282219,-3252.0067795353275,-3256.9866271327037,0.01976312888964639,0.002609349200089877,161,20.0,10.0,0.2,34.620984917128226,27.257772175595164,27.257772175595164,35.791523039413605,0.05302947624466334,savgol
Brazil,-4.704887045116739,0.009050936507642016,-3251.8981964112704,-3254.2401338704544,0.02202991160799874,0.002609349200089877,161,20.0,10.0,0.2,34.620984917128226,27.257772175595164,27.257772175595164,35.791523039413605,0.05302947624466334,savgol
Brazil,-4.704854428251738,0.009051231725630734,-3251.9332416003854,-3255.605571770499,0.02127124071809815,0.002609349200089877,161,20.0,10.0,0.2,34.620984917128226,27.257772175595164,27.257772175595164,35.791523039413605,0.05302947624466334,savgol
Brazil,-4.704821811386737,0.009051526953248694,-3252.0031782595365,-3254.0302140385684,0.01983442967711096,0.002609349200089877,161,20.0,10.0,0.2,34.620984917128226,27.257772175595164,27.257772175595164,35.791523039413605,0.05302947624466334,savgol
Brazil,-4.704789194521736,0.00905182219049621,-3252.0736483140377,-3255.49981741157,0.018484808742304903,0.002609349200089877,161,20.0,10.0,0.2,34.620984917128226,27.257772175595164,27.257772175595164,35.791523039413605,0.05302947624466334,savgol
Brazil,-4.704756577656735,0.009052117437373606,-3252.073646880316,-3256.11874116283,0.018484835244392286,0.002609349200089877,161,20.0,10.0,0.2,34.620984917128226,27.257772175595164,27.257772175595164,35.791523039413605,0.05302947624466334,savgol
Brazil,-4.704723960791734,0.009052412693881177,-3252.2274134373947,-3256.11835927369,0.015850231760580768,0.002609349200089877,161,20.0,10.0,0.2,34.620984917128226,27.257772175595164,27.257772175595164,35.791523039413605,0.05302947624466334,savgol
Brazil,-4.704691343926733,0.009052707960019248,-3252.4394402678595,-3256.248980674819,0.012821933919495774,0.002609349200089877,161,20.0,10.0,0.2,34.620984917128226,27.257772175595164,27.257772175595164,35.791523039413605,0.05302947624466334,savgol
Brazil,-4.704658727061732,0.00905300323578813,-3252.424359236873,-3254.523280257538,0.013016767354086226,0.002609349200089877,161,20.0,10.0,0.2,34.620984917128226,27.257772175595164,27.257772175595164,35.791523039413605,0.05302947624466334,savgol
Brazil,-4.70462611019673,0.00905329852118815,-3252.2578851170833,-3259.7042014564404,0.015374533052256318,0.002609349200089877,161,20.0,10.0,0.2,34.620984917128226,27.257772175595164,27.257772175595164,35.791523039413605,0.05302947624466334,savgol
Brazil,-4.704593493331729,0.009053593816219601,-3252.123445604908,-3257.033606147864,0.017586858637452917,0.002609349200089877,161,20.0,10.0,0.2,34.620984917128226,27.257772175595164,27.257772175595164,35.791523039413605,0.05302947624466334,savgol
Brazil,-4.704560876466728,0.009053889120882806,-3252.2295965823737,-3256.5895674468734,0.01581566615129396,0.002609349200089877,161,20.0,10.0,0.2,34.620984917128226,27.257772175595164,27.257772175595164,35.791523039413605,0.05302947624466334,savgol
Brazil,-4.704528259601727,0.009054184435178091,-3252.313780028324,-3258.1666951010616,0.014538750475922535,0.002609349200089877,161,20.0,10.0,0.2,34.620984917128226,27.257772175595164,27.257772175595164,35.791523039413605,0.05302947624466334,savgol
Brazil,-4.704495642736726,0.009054479759105751,-3252.6736039336047,-3256.803644077783,0.01014512836394799,0.002609349200089877,161,20.0,10.0,0.2,34.620984917128226,27.257772175595164,27.257772175595164,35.791523039413605,0.05302947624466334,savgol
Brazil,-4.704463025871725,0.009054775092666108,-3252.896441135912,-3254.488083922724,0.008118589432043282,0.002609349200089877,161,20.0,10.0,0.2,34.620984917128226,27.257772175595164,27.257772175595164,35.791523039413605,0.05302947624466334,savgol
Brazil,-4.704430409006724,0.009055070435859477,-3253.0408286077027,-3255.652918771981,0.007027063804163899,0.002609349200089877,161,20.0,10.0,0.2,34.620984917128226,27.257772175595164,27.257772175595164,35.791523039413605,0.05302947624466334,savgol
Brazil,-4.704397792141722,0.00905536578868618,-3253.5358621110986,-3254.7334328068837,0.004283350149553325,0.002609349200089877,161,20.0,10.0,0.2,34.620984917128226,27.257772175595164,27.257772175595164,35.791523039413605,0.05302947624466334,savgol
Brazil,-4.704365175276721,0.009055661151146517,-3253.750419845811,-3253.621710471615,0.00345622762994468,0.002609349200089877,161,20.0,10.0,0.2,34.620984917128226,27.257772175595164,27.257772175595164,35.791523039413605,0.05302947624466334,savgol
Brazil,-4.70433255841172,0.009055956523240807,-3253.8621462240735,-3258.4736500414638,0.003090866077618169,0.002609349200089877,161,20.0,10.0,0.2,34.620984917128226,27.257772175595164,27.257772175595164,35.791523039413605,0.05302947624466334,savgol
Brazil,-4.7042999415467195,0.009056251904969366,-3254.047234104782,-3260.1289027781213,0.0025686062970612425,0.002609349200089877,161,20.0,10.0,0.2,34.620984917128226,27.257772175595164,27.257772175595164,35.791523039413605,0.05302947624466334,savgol
Brazil,-4.704267324681718,0.009056547296332516,-3254.4188708421952,-3261.2262696804673,0.0017713229867664306,0.002609349200089877,161,20.0,10.0,0.2,34.620984917128226,27.257772175595164,27.257772175595164,35.791523039413605,0.05302947624466334,savgol
Brazil,-4.704234707816717,0.009056842697330557,-3254.8808176850994,-3261.7093703189234,0.0011160323763787674,0.002609349200089877,161,20.0,10.0,0.2,34.620984917128226,27.257772175595164,27.257772175595164,35.791523039413605,0.05302947624466334,savgol
Brazil,-4.704202090951716,0.009057138107963807,-3255.4268970130256,-3260.920333805032,0.0006464241231152045,0.002609349200089877,161,20.0,10.0,0.2,34.620984917128226,27.257772175595164,27.257772175595164,35.791523039413605,0.05302947624466334,savgol
Brazil,-4.704169474086715,0.009057433528232585,-3256.0502274550677,-3258.8826278815136,0.00034658405897191637,0.002609349200089877,161,20.0,10.0,0.2,34.620984917128226,27.257772175595164,27.257772175595164,35.791523039413605,0.05302947624466334,savgol
Brazil,-4.704136857221713,0.00905772895813721,-3256.908939726941,-3258.875379218181,0.0001468502135386213,0.002609349200089877,161,20.0,10.0,0.2,34.620984917128226,27.257772175595164,27.257772175595164,35.791523039413605,0.05302947624466334,savgol
Brazil,-4.704104240356712,0.009058024397677982,-3257.4086391478004,-3261.4805243730425,8.909593325114753e-05,0.002609349200089877,161,20.0,10.0,0.2,34.620984917128226,27.257772175595164,27.257772175595164,35.791523039413605,0.05302947624466334,savgol
Brazil,-4.7040716234917115,0.009058319846855222,-3258.0320981757486,-3257.188885983359,4.7763161524293774e-05,0.002609349200089877,161,20.0,10.0,0.2,34.620984917128226,27.257772175595164,27.257772175595164,35.791523039413605,0.05302947624466334,savgol
Brazil,-4.704039006626711,0.009058615305669246,-3258.1387191451463,-3260.8699770971352,4.293269657504662e-05,0.002609349200089877,161,20.0,10.0,0.2,34.620984917128226,27.257772175595164,27.257772175595164,35.791523039413605,0.05302947624466334,savgol
Brazil,-4.704006389761709,0.009058910774120375,-3258.107096477709,-3263.566863190115,4.4312037234148794e-05,0.002609349200089877,161,20.0,10.0,0.2,34.620984917128226,27.257772175595164,27.257772175595164,35.791523039413605,0.05302947624466334,savgol
Brazil,-4.703973772896708,0.009059206252208908,-3258.1495315606153,-3261.4239287245273,4.247099099683462e-05,0.002609349200089877,161,20.0,10.0,0.2,34.620984917128226,27.257772175595164,27.257772175595164,35.791523039413605,0.05302947624466334,savgol
Brazil,-4.703941156031707,0.009059501739935166,-3258.32335845469,-3265.624703627484,3.5694420356004624e-05,0.002609349200089877,161,20.0,10.0,0.2,34.620984917128226,27.257772175595164,27.257772175595164,35.791523039413605,0.05302947624466334,savgol
Brazil,-4.703908539166706,0.009059797237299466,-3258.3964114927658,-3264.2889221145306,3.317980295066487e-05,0.002609349200089877,161,20.0,10.0,0.2,34.620984917128226,27.257772175595164,27.257772175595164,35.791523039413605,0.05302947624466334,savgol
Brazil,-4.703875922301704,0.009060092744302129,-3258.9616751784497,-3263.7730484307085,1.8853105724861727e-05,0.002609349200089877,161,20.0,10.0,0.2,34.620984917128226,27.257772175595164,27.257772175595164,35.791523039413605,0.05302947624466334,savgol
Brazil,-4.7038433054367035,0.009060388260943452,-3259.8236473560046,-3265.6330017491796,7.962201107764408e-06,0.002609349200089877,161,20.0,10.0,0.2,34.620984917128226,27.257772175595164,27.257772175595164,35.791523039413605,0.05302947624466334,savgol
Brazil,-4.703810688571703,0.009060683787223758,-3260.1166886697993,-3261.5924829114347,5.939732917100909e-06,0.002609349200089877,161,20.0,10.0,0.2,34.620984917128226,27.257772175595164,27.257772175595164,35.791523039413605,0.05302947624466334,savgol
Brazil,-4.703778071706701,0.009060979323143372,-3260.4668926674276,-3263.049610767231,4.184805265360672e-06,0.002609349200089877,161,20.0,10.0,0.2,34.620984917128226,27.257772175595164,27.257772175595164,35.791523039413605,0.05302947624466334,savgol
Brazil,-4.7037454548417,0.00906127486870259,-3260.8849749184783,-3260.4601737808207,2.754891118018806e-06,0.002609349200089877,161,20.0,10.0,0.2,34.620984917128226,27.257772175595164,27.257772175595164,35.791523039413605,0.05302947624466334,savgol
Brazil,-4.703712837976699,0.009061570423901735,-3261.053184118972,-3264.810268606945,2.3283706235184852e-06,0.002609349200089877,161,20.0,10.0,0.2,34.620984917128226,27.257772175595164,27.257772175595164,35.791523039413605,0.05302947624466334,savgol
Brazil,-4.703680221111698,0.009061865988741119,-3261.0255857460947,-3263.59467921207,2.3935248034106758e-06,0.002609349200089877,161,20.0,10.0,0.2,34.620984917128226,27.257772175595164,27.257772175595164,35.791523039413605,0.05302947624466334,savgol
Brazil,-4.703647604246696,0.009062161563221068,-3261.4485011758857,-3266.194547848583,1.5680795637466432e-06,0.002609349200089877,161,20.0,10.0,0.2,34.620984917128226,27.257772175595164,27.257772175595164,35.791523039413605,0.05302947624466334,savgol
Brazil,-4.7036149873816955,0.00906245714734188,-3261.691657817289,-3266.733366342219,1.2296075106417827e-06,0.002609349200089877,161,20.0,10.0,0.2,34.620984917128226,27.257772175595164,27.257772175595164,35.791523039413605,0.05302947624466334,savgol
Brazil,-4.703582370516695,0.009062752741103876,-3262.093339369899,-3271.48593412906,8.22845740736888e-07,0.002609349200089877,161,20.0,10.0,0.2,34.620984917128226,27.257772175595164,27.257772175595164,35.791523039413605,0.05302947624466334,savgol
Brazil,-4.703549753651694,0.009063048344507371,-3262.3211443655377,-3267.631305497841,6.552152136699677e-07,0.002609349200089877,161,20.0,10.0,0.2,34.620984917128226,27.257772175595164,27.257772175595164,35.791523039413605,0.05302947624466334,savgol
Brazil,-4.703517136786692,0.009063343957552688,-3262.7730933778194,-3262.804170722297,4.169701931029846e-07,0.002609349200089877,161,20.0,10.0,0.2,34.620984917128226,27.257772175595164,27.257772175595164,35.791523039413605,0.05302947624466334,savgol
Brazil,-4.703484519921691,0.009063639580240123,-3263.2191602652256,-3267.8882738254338,2.6691969689464183e-07,0.002609349200089877,161,20.0,10.0,0.2,34.620984917128226,27.257772175595164,27.257772175595164,35.791523039413605,0.05302947624466334,savgol
Brazil,-4.70345190305669,0.009063935212570004,-3263.4301626856945,-3266.3934370814723,2.1614412531431276e-07,0.002609349200089877,161,20.0,10.0,0.2,34.620984917128226,27.257772175595164,27.257772175595164,35.791523039413605,0.05302947624466334,savgol
Brazil,-4.703419286191689,0.00906423085454264,-3263.6147165545212,-3267.561420337797,1.7971846860716423e-07,0.002609349200089877,161,20.0,10.0,0.2,34.620984917128226,27.257772175595164,27.257772175595164,35.791523039413605,0.05302947624466334,savgol
Brazil,-4.7033866693266875,0.009064526506158355,-3263.782727893504,-3265.243196015787,1.5192397392759966e-07,0.002609349200089877,161,20.0,10.0,0.2,34.620984917128226,27.257772175595164,27.257772175595164,35.791523039413605,0.05302947624466334,savgol
Brazil,-4.703354052461687,0.009064822167417448,-3263.901624290521,-3270.2963656305637,1.3489326379631988e-07,0.002609349200089877,161,20.0,10.0,0.2,34.620984917128226,27.257772175595164,27.257772175595164,35.791523039413605,0.05302947624466334,savgol
Brazil,-4.703321435596686,0.009065117838320244,-3264.129465688983,-3267.0109142869787,1.0740883365198427e-07,0.002609349200089877,161,20.0,10.0,0.2,34.620984917128226,27.257772175595164,27.257772175595164,35.791523039413605,0.05302947624466334,savgol
Brazil,-4.703288818731685,0.009065413518867053,-3264.240679014663,-3266.625892882543,9.610382361204224e-08,0.002609349200089877,161,20.0,10.0,0.2,34.620984917128226,27.257772175595164,27.257772175595164,35.791523039413605,0.05302947624466334,savgol
Brazil,-4.703256201866683,0.009065709209058201,-3264.3658306545676,-3268.5718594355826,8.479846685772163e-08,0.002609349200089877,161,20.0,10.0,0.2,34.620984917128226,27.257772175595164,27.257772175595164,35.791523039413605,0.05302947624466334,savgol
Brazil,-4.703223585001682,0.009066004908893983,-3265.223702466118,-3271.1298892351683,3.5959943973376e-08,0.002609349200089877,161,20.0,10.0,0.2,34.620984917128226,27.257772175595164,27.257772175595164,35.791523039413605,0.05302947624466334,savgol
Brazil,-4.703190968136681,0.009066300618374728,-3265.667096368233,-3268.241579999937,2.3081045728197856e-08,0.002609349200089877,161,20.0,10.0,0.2,34.620984917128226,27.257772175595164,27.257772175595164,35.791523039413605,0.05302947624466334,savgol
Brazil,-4.7031583512716795,0.009066596337500751,-3265.899650073601,-3270.95124560299,1.829189460723378e-08,0.002609349200089877,161,20.0,10.0,0.2,34.620984917128226,27.257772175595164,27.257772175595164,35.791523039413605,0.05302947624466334,savgol
Brazil,-4.703125734406679,0.009066892066272356,-3266.6424591034943,-3270.7320575070344,8.702836562609591e-09,0.002609349200089877,161,20.0,10.0,0.2,34.620984917128226,27.257772175595164,27.257772175595164,35.791523039413605,0.05302947624466334,savgol
Brazil,-4.703093117541678,0.009067187804689862,-3267.104121865776,-3272.504269577962,5.4848308352851904e-09,0.002609349200089877,161,20.0,10.0,0.2,34.620984917128226,27.257772175595164,27.257772175595164,35.791523039413605,0.05302947624466334,savgol
Brazil,-4.703060500676677,0.009067483552753587,-3267.595232802776,-3268.9980002867396,3.3564212927475284e-09,0.002609349200089877,161,20.0,10.0,0.2,34.620984917128226,27.257772175595164,27.257772175595164,35.791523039413605,0.05302947624466334,savgol
Brazil,-4.703027883811675,0.00906777931046385,-3268.287039649493,-3273.0327974558936,1.6804615170206015e-09,0.002609349200089877,161,20.0,10.0,0.2,34.620984917128226,27.257772175595164,27.257772175595164,35.791523039413605,0.05302947624466334,savgol
Brazil,-4.702995266946674,0.009068075077820955,-3269.0822682381713,-3269.9246364912883,7.586914389995275e-10,0.002609349200089877,161,20.0,10.0,0.2,34.620984917128226,27.257772175595164,27.257772175595164,35.791523039413605,0.05302947624466334,savgol
Brazil,-4.702962650081673,0.009068370854825218,-3269.6047838069544,-3273.984902954682,4.4992440948035235e-10,0.002609349200089877,161,20.0,10.0,0.2,34.620984917128226,27.257772175595164,27.257772175595164,35.791523039413605,0.05302947624466334,savgol
Brazil,-4.702930033216672,0.00906866664147696,-3270.1582986776684,-3276.016854898412,2.5867300084231654e-10,0.002609349200089877,161,20.0,10.0,0.2,34.620984917128226,27.257772175595164,27.257772175595164,35.791523039413605,0.05302947624466334,savgol
Brazil,-4.702897416351671,0.009068962437776497,-3270.830699491212,-3273.027386452901,1.320477903890238e-10,0.002609349200089877,161,20.0,10.0,0.2,34.620984917128226,27.257772175595164,27.257772175595164,35.791523039413605,0.05302947624466334,savgol
Brazil,-4.70286479948667,0.009069258243724135,-3271.5341050826664,-3277.6601614356982,6.535005711197231e-11,0.002609349200089877,161,20.0,10.0,0.2,34.620984917128226,27.257772175595164,27.257772175595164,35.791523039413605,0.05302947624466334,savgol
Brazil,-4.702832182621669,0.00906955405932019,-3272.2685154520796,-3276.9717513225414,3.1354191070299304e-11,0.002609349200089877,161,20.0,10.0,0.2,34.620984917128226,27.257772175595164,27.257772175595164,35.791523039413605,0.05302947624466334,savgol
Brazil,-4.702799565756668,0.009069849884564982,-3273.033930599451,-3275.165577675032,1.4584113170071328e-11,0.002609349200089877,161,20.0,10.0,0.2,34.620984917128226,27.257772175595164,27.257772175595164,35.791523039413605,0.05302947624466334,savgol
Brazil,-4.702766948891666,0.00907014571945883,-3273.8303505247814,-3278.4852497988218,6.576566968630858e-12,0.002609349200089877,161,20.0,10.0,0.2,34.620984917128226,27.257772175595164,27.257772175595164,35.791523039413605,0.05302947624466334,savgol
Brazil,-4.702734332026665,0.009070441564002035,-3274.65777522807,-3280.9600067688316,2.8751020480869676e-12,0.002609349200089877,161,20.0,10.0,0.2,34.620984917128226,27.257772175595164,27.257772175595164,35.791523039413605,0.05302947624466334,savgol
Brazil,-4.702701715161664,0.009070737418194917,-3275.516204709317,-3276.1976979287283,1.2185464175407082e-12,0.002609349200089877,161,20.0,10.0,0.2,34.620984917128226,27.257772175595164,27.257772175595164,35.791523039413605,0.05302947624466334,savgol
Brazil,-4.7026690982966635,0.009071033282037795,-3276.4056389685234,-3280.0848943784936,5.006862748991032e-13,0.002609349200089877,161,20.0,10.0,0.2,34.620984917128226,27.257772175595164,27.257772175595164,35.791523039413605,0.05302947624466334,savgol
Brazil,-4.702636481431662,0.009071329155530989,-3277.3260780056876,-3282.1591668593082,1.9944543097580794e-13,0.002609349200089877,161,20.0,10.0,0.2,34.620984917128226,27.257772175595164,27.257772175595164,35.791523039413605,0.05302947624466334,savgol
Brazil,-4.702603864566661,0.009071625038674798,-3278.2775218208103,-3281.8521900092524,7.702244361080826e-14,0.002609349200089877,161,20.0,10.0,0.2,34.620984917128226,27.257772175595164,27.257772175595164,35.791523039413605,0.05302947624466334,savgol
