country,outcome,posterior_median,parameter_credible_interval_low,parameter_credible_interval_high,combined_median,combined_credible_interval_low,combined_credible_interval_high,posterior_draws,stochastic_replicates_per_draw,stochastic_overlay_applied,superspreading_k,household_design_effect,credible_interval_low_percentile,credible_interval_high_percentile,superspreading_k_sweep
Australia,annualized_infections_per_100k,1535.2721877890747,943.2458389045147,1652.0981867774904,1289.8023019752072,421.49304153550486,3046.690713788635,100,100,True,5.0,3.0,2.5,97.5,5.0
Australia,annualized_reported_cases_per_100k,16.643546440480396,14.33588451263461,32.14998349268135,17.23856503053471,5.377325549904331,47.87636832241793,100,100,True,5.0,3.0,2.5,97.5,5.0
Australia,annualized_infant_cases_per_100k,587.0630415822359,351.6275239849468,687.2362969778951,497.29068348471617,150.88230607286323,1232.97952350425,100,100,True,5.0,3.0,2.5,97.5,5.0
Australia,annualized_infant_infections_per_100k,1001.3011868233137,743.634259584066,1167.2053750407588,904.2309324283397,302.0649379007961,2094.0740721860598,100,100,True,5.0,3.0,2.5,97.5,5.0
Australia,total_infections,11816835.469592651,7260068.0511561325,12716034.798768409,9926269.0,3140616.5,23843241.049999993,100,100,True,5.0,3.0,2.5,97.5,5.0
Australia,total_reported_cases,128103.69450283727,110341.88941203551,247455.1804231996,133106.5,42777.0,368982.0249999999,100,100,True,5.0,3.0,2.5,97.5,5.0
Australia,total_infant_cases,46035.67154985329,27573.544953070923,53890.949756996306,39095.5,12156.85,95450.02499999995,100,100,True,5.0,3.0,2.5,97.5,5.0
Australia,total_infant_infections,78518.94821179222,58313.50302988788,91528.6446737747,71205.5,23900.825,165988.97499999986,100,100,True,5.0,3.0,2.5,97.5,5.0
Australia,resistant_infections,11608733.422152093,7142322.3253608225,12516123.941622756,9700969.0,3062968.275,23241201.575,100,100,True,5.0,3.0,2.5,97.5,5.0
Brazil,annualized_infections_per_100k,715.6434505998668,190.68574617225727,958.4353108631605,589.926168567385,99.77434407138851,1579.7052005332641,100,100,True,5.0,3.0,2.5,97.5,5.0
Brazil,annualized_reported_cases_per_100k,0.537178491511967,0.5074296763110933,0.7049074917855219,0.5443293429885703,0.18856561514600742,1.2563198796319506,100,100,True,5.0,3.0,2.5,97.5,5.0
Brazil,annualized_infant_cases_per_100k,306.3607089039242,77.35797811391375,427.0831130734028,253.51669522943163,39.324380439381684,686.0144590301327,100,100,True,5.0,3.0,2.5,97.5,5.0
Brazil,annualized_infant_infections_per_100k,637.5620555954329,162.15488954482606,898.9008275362089,531.7710622407808,83.5677370222792,1430.6311931759537,100,100,True,5.0,3.0,2.5,97.5,5.0
Brazil,total_infections,40450146.76153395,10778085.470162746,54173415.16870791,33520494.0,5562158.425,88939546.07499999,100,100,True,5.0,3.0,2.5,97.5,5.0
Brazil,total_reported_cases,30362.813805118487,28681.328941731106,39843.321479504404,31249.0,10494.85,71077.59999999998,100,100,True,5.0,3.0,2.5,97.5,5.0
Brazil,total_infant_cases,171071.55204364003,43196.62802134937,238482.83428864347,141896.0,22258.575,377489.32499999984,100,100,True,5.0,3.0,2.5,97.5,5.0
Brazil,total_infant_infections,356014.09178586915,90547.1499681168,501945.4306038037,294486.0,45834.525,790495.225,100,100,True,5.0,3.0,2.5,97.5,5.0
Brazil,resistant_infections,39458288.33289413,1975.332637438281,53228967.603196494,32514924.0,1134.8500000000001,87809604.75,100,100,True,5.0,3.0,2.5,97.5,5.0
China,annualized_infections_per_100k,330.45257829324487,314.91085786217235,346.3981438073837,308.2654134904966,106.1228309790393,683.9616330186755,100,100,True,5.0,3.0,2.5,97.5,5.0
China,annualized_reported_cases_per_100k,3.510736343071149,3.2607331247194415,3.6219922245784053,3.203035583787682,1.1160605361993494,7.042492199508598,100,100,True,5.0,3.0,2.5,97.5,5.0
China,annualized_infant_cases_per_100k,177.69169435250095,170.904968776816,187.92912559985766,167.40144903903357,57.246800581464456,366.1192078290827,100,100,True,5.0,3.0,2.5,97.5,5.0
China,annualized_infant_infections_per_100k,345.75964806575223,338.0536118046989,368.7479046496564,326.31951654389457,113.71683215491163,721.2678918886303,100,100,True,5.0,3.0,2.5,97.5,5.0
China,total_infections,115205943.92768401,109787556.58267897,120765043.89350139,107805944.0,36890608.025,238656181.67499986,100,100,True,5.0,3.0,2.5,97.5,5.0
China,total_reported_cases,1223950.0648799012,1136791.9701816079,1262738.051675025,1112248.0,380299.3,2446498.624999999,100,100,True,5.0,3.0,2.5,97.5,5.0
China,total_infant_cases,372417.4471094183,358193.39690780145,393873.6997558471,351000.0,119618.725,778436.7249999999,100,100,True,5.0,3.0,2.5,97.5,5.0
China,total_infant_infections,724664.8523180455,708514.0497430789,772845.0873004766,688097.5,238095.05000000002,1496350.7249999999,100,100,True,5.0,3.0,2.5,97.5,5.0
China,resistant_infections,115133900.23195255,109751427.89406711,120694762.58838068,107291157.0,36848797.0,238063440.39999992,100,100,True,5.0,3.0,2.5,97.5,5.0
Japan,annualized_infections_per_100k,590.4686212341121,297.94233406907966,1191.6460170954454,517.880048289196,128.5112155588872,1890.894876260031,100,100,True,5.0,3.0,2.5,97.5,5.0
Japan,annualized_reported_cases_per_100k,77.73081686641237,8.035233337985112,153.86144251499434,69.72578239992075,3.539442903866807,228.01406870025716,100,100,True,5.0,3.0,2.5,97.5,5.0
Japan,annualized_infant_cases_per_100k,252.91036256996745,120.19302744279712,525.9347081675188,217.9927074463243,52.9027930018023,845.8866502128781,100,100,True,5.0,3.0,2.5,97.5,5.0
Japan,annualized_infant_infections_per_100k,490.99583338723926,232.7521882826291,990.7220764656454,413.4236394902887,103.35186098488163,1565.1646612674672,100,100,True,5.0,3.0,2.5,97.5,5.0
Japan,total_infections,17273042.871849768,8715740.915517678,34859355.057517715,15055135.0,3811110.1750000003,56902649.39999999,100,100,True,5.0,3.0,2.5,97.5,5.0
Japan,total_reported_cases,2273868.805354489,235055.59284962498,4500922.083222881,2035366.0,111593.1,6594844.424999996,100,100,True,5.0,3.0,2.5,97.5,5.0
Japan,total_infant_cases,48425.833348144755,23013.875208177033,100702.97765703492,41695.0,10285.525,159828.7749999999,100,100,True,5.0,3.0,2.5,97.5,5.0
Japan,total_infant_infections,94013.08101379022,44566.061189496686,189697.8116021055,78910.5,19700.125,306090.07499999995,100,100,True,5.0,3.0,2.5,97.5,5.0
Japan,resistant_infections,16813869.793760158,8496867.818363441,34007248.53686847,14922865.5,3758944.5,54460840.97499999,100,100,True,5.0,3.0,2.5,97.5,5.0
New_Zealand,annualized_infections_per_100k,1700.3185028034554,1538.0021315311915,1845.191739172519,1562.7692204114992,548.832605505687,3500.3876025074615,100,100,True,5.0,3.0,2.5,97.5,5.0
New_Zealand,annualized_reported_cases_per_100k,6.535729998577294,5.9026503521929135,7.028537277170301,6.0893566099760115,2.065665042808165,13.488565117387841,100,100,True,5.0,3.0,2.5,97.5,5.0
New_Zealand,annualized_infant_cases_per_100k,810.6760875295579,729.850915552262,933.3398462619492,764.075498437953,262.5482286066317,1669.5941619896835,100,100,True,5.0,3.0,2.5,97.5,5.0
New_Zealand,annualized_infant_infections_per_100k,1596.0344147138603,1384.394226806659,1709.0465330814638,1479.8606884958715,502.84778847957665,3254.485466845246,100,100,True,5.0,3.0,2.5,97.5,5.0
New_Zealand,total_infections,2440592.552276234,2207607.9851290076,2648538.495869115,2255899.5,781009.2250000001,4945927.5,100,100,True,5.0,3.0,2.5,97.5,5.0
New_Zealand,total_reported_cases,9381.211215970825,8472.507652771379,10088.575192159298,8755.5,3020.975,19213.074999999997,100,100,True,5.0,3.0,2.5,97.5,5.0
New_Zealand,total_infant_cases,11541.44397151325,10390.751148536518,13287.78455784547,10775.0,3757.9,24323.0,100,100,True,5.0,3.0,2.5,97.5,5.0
New_Zealand,total_infant_infections,22722.443330240603,19709.361670904913,24331.375351956605,20718.5,7223.8,46084.2,100,100,True,5.0,3.0,2.5,97.5,5.0
New_Zealand,resistant_infections,2401060.4841728527,2175023.4495755807,2604413.9173698616,2209009.5,774147.925,4909021.974999995,100,100,True,5.0,3.0,2.5,97.5,5.0
South_Africa,annualized_infections_per_100k,1096.5919771995693,7.519661715399229,1244.606948975497,885.1125590079464,4.043276597324156,2321.8672000230285,100,100,True,5.0,3.0,2.5,97.5,5.0
South_Africa,annualized_reported_cases_per_100k,76.64075167926435,0.5205462537631814,93.4189504741676,60.352992956745,0.2710772786395702,156.0768402692997,100,100,True,5.0,3.0,2.5,97.5,5.0
South_Africa,annualized_infant_cases_per_100k,466.8964676003498,2.870893670749376,536.636407381979,378.1748009302532,1.4944253390041378,971.3549727222985,100,100,True,5.0,3.0,2.5,97.5,5.0
South_Africa,annualized_infant_infections_per_100k,823.190135279322,5.216550179384316,955.2510430781633,664.8329085291774,2.722534069384229,1727.67791131354,100,100,True,5.0,3.0,2.5,97.5,5.0
South_Africa,total_infections,20804768.58998336,142664.87702457738,23612964.25681117,16751129.5,71973.15000000001,43866811.474999994,100,100,True,5.0,3.0,2.5,97.5,5.0
South_Africa,total_reported_cases,1454044.4804223417,9875.893416486653,1772363.416165979,1151506.0,4900.85,2999366.1,100,100,True,5.0,3.0,2.5,97.5,5.0
South_Africa,total_infant_cases,131531.1041976036,808.7698914607844,151177.79488257717,105244.5,416.975,270227.82499999995,100,100,True,5.0,3.0,2.5,97.5,5.0
South_Africa,total_infant_infections,231903.89083965804,1469.573312806613,269107.25158291054,187823.0,777.9250000000001,490333.5,100,100,True,5.0,3.0,2.5,97.5,5.0
South_Africa,resistant_infections,20648575.236304067,1497.4387139703033,23441070.325832035,16368809.0,1008.95,43369097.59999999,100,100,True,5.0,3.0,2.5,97.5,5.0
Sweden,annualized_infections_per_100k,2197.982103628142,1452.220551909178,2400.7694532482074,1913.1324747089484,632.0719107322215,4363.435126571921,100,100,True,5.0,3.0,2.5,97.5,5.0
Sweden,annualized_reported_cases_per_100k,2.0072294191331537,1.8756043840596188,2.162520937813681,1.8689075435277087,0.6449511625750661,4.145637865752205,100,100,True,5.0,3.0,2.5,97.5,5.0
Sweden,annualized_infant_cases_per_100k,1136.9848797488,690.3308604634136,1278.2100857709477,968.1089087304692,319.156295809322,2293.30557655411,100,100,True,5.0,3.0,2.5,97.5,5.0
Sweden,annualized_infant_infections_per_100k,2311.189089467771,1412.362969842994,2591.175317554153,1989.09670656216,651.4809053616711,4735.780021203475,100,100,True,5.0,3.0,2.5,97.5,5.0
Sweden,total_infections,6246740.699017307,4127262.158758407,6823070.380444897,5394527.0,1818531.7750000001,12528077.174999995,100,100,True,5.0,3.0,2.5,97.5,5.0
Sweden,total_reported_cases,5704.615836560633,5330.531676824012,6145.958841916222,5295.0,1850.0,11751.224999999997,100,100,True,5.0,3.0,2.5,97.5,5.0
Sweden,total_infant_cases,28758.488184068305,17460.981641136088,32330.58816252373,24958.0,8144.825,57719.27499999995,100,100,True,5.0,3.0,2.5,97.5,5.0
Sweden,total_infant_infections,58458.38997795117,35723.803323142405,65540.26069800562,50462.0,16214.525,117143.275,100,100,True,5.0,3.0,2.5,97.5,5.0
Sweden,resistant_infections,6133439.785031466,4025537.731129671,6691102.1421869565,5283642.0,1767624.475,12181693.575,100,100,True,5.0,3.0,2.5,97.5,5.0
Thailand,annualized_infections_per_100k,578.6236999671346,180.72321397121846,754.2244261658708,475.3357031683727,91.16832563042018,1228.045650158075,100,100,True,5.0,3.0,2.5,97.5,5.0
Thailand,annualized_reported_cases_per_100k,0.3838608013982461,0.31966526558463815,0.4977396733321633,0.3556421676983439,0.12293537779324128,0.8087702476275166,100,100,True,5.0,3.0,2.5,97.5,5.0
Thailand,annualized_infant_cases_per_100k,275.8494258955123,82.99264649006938,367.7707085943536,226.80638196803307,44.68762240065242,597.568684625549,100,100,True,5.0,3.0,2.5,97.5,5.0
Thailand,annualized_infant_infections_per_100k,542.6341976188965,162.77362353632267,708.527371022131,443.239448346151,84.43473286023631,1144.7669919595194,100,100,True,5.0,3.0,2.5,97.5,5.0
Thailand,total_infections,10411047.57863742,3251715.3954319344,13570597.09405388,8549102.0,1695271.65,22117074.774999995,100,100,True,5.0,3.0,2.5,97.5,5.0
Thailand,total_reported_cases,6906.732945999813,5751.668943327105,8955.722368810273,6419.5,2146.975,14462.224999999997,100,100,True,5.0,3.0,2.5,97.5,5.0
Thailand,total_infant_cases,36085.63546029733,10856.801374803743,48110.449201073934,29606.0,5949.8,77463.49999999997,100,100,True,5.0,3.0,2.5,97.5,5.0
Thailand,total_infant_infections,70985.4652769281,21293.463632333933,92687.01746644225,57583.5,11066.95,150804.62499999997,100,100,True,5.0,3.0,2.5,97.5,5.0
Thailand,resistant_infections,10112683.703080108,2895.318095116622,13175843.251837533,8185375.0,1586.975,21016586.97499997,100,100,True,5.0,3.0,2.5,97.5,5.0
United_Kingdom,annualized_infections_per_100k,1152.2847560857026,801.0134705427178,1948.7039112418015,1065.5869171205595,341.55422919325315,2778.2259220725996,100,100,True,5.0,3.0,2.5,97.5,5.0
United_Kingdom,annualized_reported_cases_per_100k,4.957064004146421,2.842678060536722,40.12342877552447,5.134627984671528,1.4088423197232247,54.18089890247204,100,100,True,5.0,3.0,2.5,97.5,5.0
United_Kingdom,annualized_infant_cases_per_100k,595.4898327719944,387.74173484813883,1103.3170701560196,546.5115545310796,164.24267216923025,1547.3646004585464,100,100,True,5.0,3.0,2.5,97.5,5.0
United_Kingdom,annualized_infant_infections_per_100k,1179.246975048759,657.6949244665943,2186.5956779706858,1049.5734581220936,306.84337261463304,3061.654626773593,100,100,True,5.0,3.0,2.5,97.5,5.0
United_Kingdom,total_infections,21723979.464248654,15101487.857241696,36738851.15981011,19943893.0,6257502.3,53151701.72499999,100,100,True,5.0,3.0,2.5,97.5,5.0
United_Kingdom,total_reported_cases,93455.33390101856,53592.891097258434,756446.0458248575,97020.0,27081.75,1071349.6249999998,100,100,True,5.0,3.0,2.5,97.5,5.0
United_Kingdom,total_infant_cases,106195.43888820129,69147.11612334543,196757.7534683512,95913.5,29697.275,280479.0249999998,100,100,True,5.0,3.0,2.5,97.5,5.0
United_Kingdom,total_infant_infections,210298.5528567974,117288.65692943291,389941.9894578847,184043.0,54749.625,542883.7999999998,100,100,True,5.0,3.0,2.5,97.5,5.0
United_Kingdom,resistant_infections,21352365.895266466,14877820.154762913,36141132.22644146,19581051.0,6251919.45,53405379.19999999,100,100,True,5.0,3.0,2.5,97.5,5.0
United_States,annualized_infections_per_100k,203.16726533495796,156.89166437840518,221.66024538758617,177.41498670349023,59.38412802236162,407.81547490909037,100,100,True,5.0,3.0,2.5,97.5,5.0
United_States,annualized_reported_cases_per_100k,1.1339277855595329,0.8681008661602484,1.1807564484167419,0.9706126904916526,0.32959148257826093,2.2201374100680584,100,100,True,5.0,3.0,2.5,97.5,5.0
United_States,annualized_infant_cases_per_100k,80.9716232429925,63.065782901816306,88.278251835319,70.78925666011396,24.326431195256372,158.64204882974994,100,100,True,5.0,3.0,2.5,97.5,5.0
United_States,annualized_infant_infections_per_100k,169.16735123161857,128.00968283626645,183.3570341413102,146.03295963934326,49.05145259133844,335.42285265670887,100,100,True,5.0,3.0,2.5,97.5,5.0
United_States,total_infections,19224655.54608721,14845838.46167359,20974553.707408827,16797377.5,5673925.325,37881549.75,100,100,True,5.0,3.0,2.5,97.5,5.0
United_States,total_reported_cases,107297.67921482085,82143.84098731908,111728.80389625121,91117.5,30876.975,205901.69999999998,100,100,True,5.0,3.0,2.5,97.5,5.0
United_States,total_infant_cases,77464.31450785605,60334.07091943551,84454.45516639702,67531.5,23261.65,154719.37499999994,100,100,True,5.0,3.0,2.5,97.5,5.0
United_States,total_infant_infections,161839.81962348943,122464.90868990011,175414.87396259623,139641.0,46123.3,314377.79999999993,100,100,True,5.0,3.0,2.5,97.5,5.0
United_States,resistant_infections,4.77269233670426,0.0022333965701268887,26110.812057136267,7484.5,0.0,43517.25,100,100,True,5.0,3.0,2.5,97.5,5.0
Australia,annualized_infections_per_100k,1535.2721877890747,943.2458389045147,1652.0981867774904,1336.4173713498335,573.1563504795786,2588.0203946434303,100,100,True,10.0,3.0,2.5,97.5,10.0
Australia,annualized_reported_cases_per_100k,16.643546440480396,14.33588451263461,32.14998349268135,17.677317541520754,7.968212015155322,42.12779443260506,100,100,True,10.0,3.0,2.5,97.5,10.0
Australia,annualized_infant_cases_per_100k,587.0630415822359,351.6275239849468,687.2362969778951,521.4627574376113,213.60187864645462,1034.2162773197965,100,100,True,10.0,3.0,2.5,97.5,10.0
Australia,annualized_infant_infections_per_100k,1001.3011868233137,743.634259584066,1167.2053750407588,937.8270118011737,431.3036253783218,1774.4619131117229,100,100,True,10.0,3.0,2.5,97.5,10.0
Australia,total_infections,11816835.469592651,7260068.0511561325,12716034.798768409,10354398.0,4434717.475,20051149.049999993,100,100,True,10.0,3.0,2.5,97.5,10.0
Australia,total_reported_cases,128103.69450283727,110341.88941203551,247455.1804231996,136912.0,63337.95,321649.14999999997,100,100,True,10.0,3.0,2.5,97.5,10.0
Australia,total_infant_cases,46035.67154985329,27573.544953070923,53890.949756996306,40832.0,16995.65,80976.52499999995,100,100,True,10.0,3.0,2.5,97.5,10.0
Australia,total_infant_infections,78518.94821179222,58313.50302988788,91528.6446737747,74120.5,33745.7,140761.77499999997,100,100,True,10.0,3.0,2.5,97.5,10.0
Australia,resistant_infections,11608733.422152093,7142322.3253608225,12516123.941622756,10085950.0,4372057.425,19450357.625,100,100,True,10.0,3.0,2.5,97.5,10.0
Brazil,annualized_infections_per_100k,715.6434505998668,190.68574617225727,958.4353108631605,648.088203405031,122.03833295569066,1309.8623907569088,100,100,True,10.0,3.0,2.5,97.5,10.0
Brazil,annualized_reported_cases_per_100k,0.537178491511967,0.5074296763110933,0.7049074917855219,0.56821351948326,0.26742675428484786,1.065252651831992,100,100,True,10.0,3.0,2.5,97.5,10.0
Brazil,annualized_infant_cases_per_100k,306.3607089039242,77.35797811391375,427.0831130734028,276.82349967360574,49.9390999242343,586.5650814265316,100,100,True,10.0,3.0,2.5,97.5,10.0
Brazil,annualized_infant_infections_per_100k,637.5620555954329,162.15488954482606,898.9008275362089,578.140230865891,106.82314198359292,1216.5635104988132,100,100,True,10.0,3.0,2.5,97.5,10.0
Brazil,total_infections,40450146.76153395,10778085.470162746,54173415.16870791,36482015.5,7020382.45,75824587.64999998,100,100,True,10.0,3.0,2.5,97.5,10.0
Brazil,total_reported_cases,30362.813805118487,28681.328941731106,39843.321479504404,31933.5,15202.925,60118.49999999999,100,100,True,10.0,3.0,2.5,97.5,10.0
Brazil,total_infant_cases,171071.55204364003,43196.62802134937,238482.83428864347,156454.0,28009.95,331393.37499999994,100,100,True,10.0,3.0,2.5,97.5,10.0
Brazil,total_infant_infections,356014.09178586915,90547.1499681168,501945.4306038037,326986.5,59619.825,681805.75,100,100,True,10.0,3.0,2.5,97.5,10.0
Brazil,resistant_infections,39458288.33289413,1975.332637438281,53228967.603196494,35642268.5,1387.95,73081237.37499996,100,100,True,10.0,3.0,2.5,97.5,10.0
China,annualized_infections_per_100k,330.45257829324487,314.91085786217235,346.3981438073837,321.4644943007672,157.7574625009168,570.2835602541787,100,100,True,10.0,3.0,2.5,97.5,10.0
China,annualized_reported_cases_per_100k,3.510736343071149,3.2607331247194415,3.6219922245784053,3.283604022298315,1.619819774921761,5.906154932821192,100,100,True,10.0,3.0,2.5,97.5,10.0
China,annualized_infant_cases_per_100k,177.69169435250095,170.904968776816,187.92912559985766,172.6398634055215,85.119316159981,305.39966455613904,100,100,True,10.0,3.0,2.5,97.5,10.0
China,annualized_infant_infections_per_100k,345.75964806575223,338.0536118046989,368.7479046496564,339.9399204842738,169.57489617781894,603.210398615358,100,100,True,10.0,3.0,2.5,97.5,10.0
China,total_infections,115205943.92768401,109787556.58267897,120765043.89350139,111541346.5,54248024.925,196394794.825,100,100,True,10.0,3.0,2.5,97.5,10.0
China,total_reported_cases,1223950.0648799012,1136791.9701816079,1262738.051675025,1154705.5,577351.375,2024188.6999999993,100,100,True,10.0,3.0,2.5,97.5,10.0
China,total_infant_cases,372417.4471094183,358193.39690780145,393873.6997558471,362770.0,179630.17500000002,642157.35,100,100,True,10.0,3.0,2.5,97.5,10.0
China,total_infant_infections,724664.8523180455,708514.0497430789,772845.0873004766,706457.0,343356.075,1273267.55,100,100,True,10.0,3.0,2.5,97.5,10.0
China,resistant_infections,115133900.23195255,109751427.89406711,120694762.58838068,111067263.5,55032814.1,197334971.3749999,100,100,True,10.0,3.0,2.5,97.5,10.0
Japan,annualized_infections_per_100k,590.4686212341121,297.94233406907966,1191.6460170954454,540.7865126828037,178.74752993484628,1682.1194993340666,100,100,True,10.0,3.0,2.5,97.5,10.0
Japan,annualized_reported_cases_per_100k,77.73081686641237,8.035233337985112,153.86144251499434,76.30658676996208,4.9303426551681895,197.22311079682657,100,100,True,10.0,3.0,2.5,97.5,10.0
Japan,annualized_infant_cases_per_100k,252.91036256996745,120.19302744279712,525.9347081675188,226.90251834967552,72.95979332947034,733.3689306872561,100,100,True,10.0,3.0,2.5,97.5,10.0
Japan,annualized_infant_infections_per_100k,490.99583338723926,232.7521882826291,990.7220764656454,432.14677776090366,138.3719678045147,1372.6889513641133,100,100,True,10.0,3.0,2.5,97.5,10.0
Japan,total_infections,17273042.871849768,8715740.915517678,34859355.057517715,15806184.0,5238369.575,48944642.19999998,100,100,True,10.0,3.0,2.5,97.5,10.0
Japan,total_reported_cases,2273868.805354489,235055.59284962498,4500922.083222881,2242843.5,144210.35,5804040.674999999,100,100,True,10.0,3.0,2.5,97.5,10.0
Japan,total_infant_cases,48425.833348144755,23013.875208177033,100702.97765703492,43076.0,13494.85,142541.8999999999,100,100,True,10.0,3.0,2.5,97.5,10.0
Japan,total_infant_infections,94013.08101379022,44566.061189496686,189697.8116021055,81962.5,25473.725,261354.5,100,100,True,10.0,3.0,2.5,97.5,10.0
Japan,resistant_infections,16813869.793760158,8496867.818363441,34007248.53686847,15366817.5,5152026.875,47624342.974999994,100,100,True,10.0,3.0,2.5,97.5,10.0
New_Zealand,annualized_infections_per_100k,1700.3185028034554,1538.0021315311915,1845.191739172519,1639.5601953152307,811.7763793029983,2936.8985178582407,100,100,True,10.0,3.0,2.5,97.5,10.0
New_Zealand,annualized_reported_cases_per_100k,6.535729998577294,5.9026503521929135,7.028537277170301,6.317866722562349,3.0834662412797345,11.201382304791135,100,100,True,10.0,3.0,2.5,97.5,10.0
New_Zealand,annualized_infant_cases_per_100k,810.6760875295579,729.850915552262,933.3398462619492,787.4304382918181,382.03247919912985,1405.1810700735202,100,100,True,10.0,3.0,2.5,97.5,10.0
New_Zealand,annualized_infant_infections_per_100k,1596.0344147138603,1384.394226806659,1709.0465330814638,1510.2747947394398,749.597177293549,2695.064196439607,100,100,True,10.0,3.0,2.5,97.5,10.0
New_Zealand,total_infections,2440592.552276234,2207607.9851290076,2648538.495869115,2334095.0,1165713.875,4142101.0999999978,100,100,True,10.0,3.0,2.5,97.5,10.0
New_Zealand,total_reported_cases,9381.211215970825,8472.507652771379,10088.575192159298,8996.0,4472.0,16179.524999999992,100,100,True,10.0,3.0,2.5,97.5,10.0
New_Zealand,total_infant_cases,11541.44397151325,10390.751148536518,13287.78455784547,11240.5,5520.9,20359.199999999997,100,100,True,10.0,3.0,2.5,97.5,10.0
New_Zealand,total_infant_infections,22722.443330240603,19709.361670904913,24331.375351956605,21448.0,10479.875,38925.075,100,100,True,10.0,3.0,2.5,97.5,10.0
New_Zealand,resistant_infections,2401060.4841728527,2175023.4495755807,2604413.9173698616,2307685.0,1116330.875,4056008.199999998,100,100,True,10.0,3.0,2.5,97.5,10.0
South_Africa,annualized_infections_per_100k,1096.5919771995693,7.519661715399229,1244.606948975497,960.8070679592937,4.996317634335082,1902.127261156107,100,100,True,10.0,3.0,2.5,97.5,10.0
South_Africa,annualized_reported_cases_per_100k,76.64075167926435,0.5205462537631814,93.4189504741676,66.58929803414298,0.33137239454070533,134.2038301582908,100,100,True,10.0,3.0,2.5,97.5,10.0
South_Africa,annualized_infant_cases_per_100k,466.8964676003498,2.870893670749376,536.636407381979,411.16043163259485,1.8919921750842281,828.3630981051683,100,100,True,10.0,3.0,2.5,97.5,10.0
South_Africa,annualized_infant_infections_per_100k,823.190135279322,5.216550179384316,955.2510430781633,736.2955701299622,3.425375350708928,1478.0763617533528,100,100,True,10.0,3.0,2.5,97.5,10.0
South_Africa,total_infections,20804768.58998336,142664.87702457738,23612964.25681117,18205422.5,95844.175,36337192.65,100,100,True,10.0,3.0,2.5,97.5,10.0
South_Africa,total_reported_cases,1454044.4804223417,9875.893416486653,1772363.416165979,1259218.0,6401.975,2559023.0499999993,100,100,True,10.0,3.0,2.5,97.5,10.0
South_Africa,total_infant_cases,131531.1041976036,808.7698914607844,151177.79488257717,116410.5,537.975,233264.4499999998,100,100,True,10.0,3.0,2.5,97.5,10.0
South_Africa,total_infant_infections,231903.89083965804,1469.573312806613,269107.25158291054,205687.5,1010.975,416544.64999999997,100,100,True,10.0,3.0,2.5,97.5,10.0
South_Africa,resistant_infections,20648575.236304067,1497.4387139703033,23441070.325832035,18257573.0,1226.975,36584997.249999985,100,100,True,10.0,3.0,2.5,97.5,10.0
Sweden,annualized_infections_per_100k,2197.982103628142,1452.220551909178,2400.7694532482074,1970.5313842697356,905.6001457421191,3671.5988932378295,100,100,True,10.0,3.0,2.5,97.5,10.0
Sweden,annualized_reported_cases_per_100k,2.0072294191331537,1.8756043840596188,2.162520937813681,1.946139674271493,0.9588118615703536,3.4355833023457136,100,100,True,10.0,3.0,2.5,97.5,10.0
Sweden,annualized_infant_cases_per_100k,1136.9848797488,690.3308604634136,1278.2100857709477,1013.0609068960118,450.81487335184835,1938.7915780609687,100,100,True,10.0,3.0,2.5,97.5,10.0
Sweden,annualized_infant_infections_per_100k,2311.189089467771,1412.362969842994,2591.175317554153,2069.7296119226385,917.1791077293504,3978.006595718555,100,100,True,10.0,3.0,2.5,97.5,10.0
Sweden,total_infections,6246740.699017307,4127262.158758407,6823070.380444897,5600170.0,2585264.05,10520029.224999996,100,100,True,10.0,3.0,2.5,97.5,10.0
Sweden,total_reported_cases,5704.615836560633,5330.531676824012,6145.958841916222,5517.0,2704.975,9839.099999999999,100,100,True,10.0,3.0,2.5,97.5,10.0
Sweden,total_infant_cases,28758.488184068305,17460.981641136088,32330.58816252373,25817.0,11530.475,48657.57499999999,100,100,True,10.0,3.0,2.5,97.5,10.0
Sweden,total_infant_infections,58458.38997795117,35723.803323142405,65540.26069800562,52852.5,23006.9,98710.82499999998,100,100,True,10.0,3.0,2.5,97.5,10.0
Sweden,resistant_infections,6133439.785031466,4025537.731129671,6691102.1421869565,5462078.0,2499523.225,10347821.249999996,100,100,True,10.0,3.0,2.5,97.5,10.0
Thailand,annualized_infections_per_100k,578.6236999671346,180.72321397121846,754.2244261658708,513.7191321222751,122.69120714126801,1044.8376555579387,100,100,True,10.0,3.0,2.5,97.5,10.0
Thailand,annualized_reported_cases_per_100k,0.3838608013982461,0.31966526558463815,0.4977396733321633,0.36870340087626674,0.17690133784198828,0.6891357351287811,100,100,True,10.0,3.0,2.5,97.5,10.0
Thailand,annualized_infant_cases_per_100k,275.8494258955123,82.99264649006938,367.7707085943536,245.46611549133516,55.32141608749556,499.44856195859285,100,100,True,10.0,3.0,2.5,97.5,10.0
Thailand,annualized_infant_infections_per_100k,542.6341976188965,162.77362353632267,708.527371022131,478.08216424303265,111.17067170247026,968.5024139568931,100,100,True,10.0,3.0,2.5,97.5,10.0
Thailand,total_infections,10411047.57863742,3251715.3954319344,13570597.09405388,9319034.5,2190688.5,18926349.59999999,100,100,True,10.0,3.0,2.5,97.5,10.0
Thailand,total_reported_cases,6906.732945999813,5751.668943327105,8955.722368810273,6678.5,3210.875,12555.199999999997,100,100,True,10.0,3.0,2.5,97.5,10.0
Thailand,total_infant_cases,36085.63546029733,10856.801374803743,48110.449201073934,32141.0,7248.875,65434.924999999974,100,100,True,10.0,3.0,2.5,97.5,10.0
Thailand,total_infant_infections,70985.4652769281,21293.463632333933,92687.01746644225,62752.0,14592.8,129228.14999999998,100,100,True,10.0,3.0,2.5,97.5,10.0
Thailand,resistant_infections,10112683.703080108,2895.318095116622,13175843.251837533,8969867.0,1976.95,18305780.5,100,100,True,10.0,3.0,2.5,97.5,10.0
United_Kingdom,annualized_infections_per_100k,1152.2847560857026,801.0134705427178,1948.7039112418015,1080.2381059047634,480.63925345567725,2500.4590165106483,100,100,True,10.0,3.0,2.5,97.5,10.0
United_Kingdom,annualized_reported_cases_per_100k,4.957064004146421,2.842678060536722,40.12342877552447,5.083206685503237,1.9015758879348077,49.062372488698955,100,100,True,10.0,3.0,2.5,97.5,10.0
United_Kingdom,annualized_infant_cases_per_100k,595.4898327719944,387.74173484813883,1103.3170701560196,560.2414805418791,234.75390752013126,1366.3242977910945,100,100,True,10.0,3.0,2.5,97.5,10.0
United_Kingdom,annualized_infant_infections_per_100k,1179.246975048759,657.6949244665943,2186.5956779706858,1098.7483517532228,424.4740660081862,2694.424196084498,100,100,True,10.0,3.0,2.5,97.5,10.0
United_Kingdom,total_infections,21723979.464248654,15101487.857241696,36738851.15981011,20432705.5,8892109.85,46886249.9,100,100,True,10.0,3.0,2.5,97.5,10.0
United_Kingdom,total_reported_cases,93455.33390101856,53592.891097258434,756446.0458248575,95747.0,35695.975,942244.8249999998,100,100,True,10.0,3.0,2.5,97.5,10.0
United_Kingdom,total_infant_cases,106195.43888820129,69147.11612334543,196757.7534683512,100568.5,42079.475,243819.44999999978,100,100,True,10.0,3.0,2.5,97.5,10.0
United_Kingdom,total_infant_infections,210298.5528567974,117288.65692943291,389941.9894578847,195805.0,74043.325,483623.3749999999,100,100,True,10.0,3.0,2.5,97.5,10.0
United_Kingdom,resistant_infections,21352365.895266466,14877820.154762913,36141132.22644146,20178759.5,8819802.675,45743731.475,100,100,True,10.0,3.0,2.5,97.5,10.0
United_States,annualized_infections_per_100k,203.16726533495796,156.89166437840518,221.66024538758617,181.51026786757166,86.40122387963797,339.4424295653103,100,100,True,10.0,3.0,2.5,97.5,10.0
United_States,annualized_reported_cases_per_100k,1.1339277855595329,0.8681008661602484,1.1807564484167419,1.0074897295905525,0.485301927937065,1.854813943729591,100,100,True,10.0,3.0,2.5,97.5,10.0
United_States,annualized_infant_cases_per_100k,80.9716232429925,63.065782901816306,88.278251835319,72.59549348424119,34.59193498999411,133.3021961844648,100,100,True,10.0,3.0,2.5,97.5,10.0
United_States,annualized_infant_infections_per_100k,169.16735123161857,128.00968283626645,183.3570341413102,151.6487043644347,72.70686782328266,279.9861547883743,100,100,True,10.0,3.0,2.5,97.5,10.0
United_States,total_infections,19224655.54608721,14845838.46167359,20974553.707408827,17195494.5,8203858.525,32587922.499999993,100,100,True,10.0,3.0,2.5,97.5,10.0
United_States,total_reported_cases,107297.67921482085,82143.84098731908,111728.80389625121,95287.5,45915.275,174479.89999999994,100,100,True,10.0,3.0,2.5,97.5,10.0
United_States,total_infant_cases,77464.31450785605,60334.07091943551,84454.45516639702,69778.0,33668.875,129133.97499999993,100,100,True,10.0,3.0,2.5,97.5,10.0
United_States,total_infant_infections,161839.81962348943,122464.90868990011,175414.87396259623,144709.5,68643.15,268670.54999999993,100,100,True,10.0,3.0,2.5,97.5,10.0
United_States,resistant_infections,4.77269233670426,0.0022333965701268887,26110.812057136267,8218.5,0.0,39696.174999999996,100,100,True,10.0,3.0,2.5,97.5,10.0
Australia,annualized_infections_per_100k,1535.2721877890747,943.2458389045147,1652.0981867774904,1374.7310568267671,683.4001878159585,2270.52736872404,100,100,True,20.0,3.0,2.5,97.5,20.0
Australia,annualized_reported_cases_per_100k,16.643546440480396,14.33588451263461,32.14998349268135,17.669975044878562,10.109788763337715,38.15169293551413,100,100,True,20.0,3.0,2.5,97.5,20.0
Australia,annualized_infant_cases_per_100k,587.0630415822359,351.6275239849468,687.2362969778951,543.9961594581507,257.3143803751829,922.8270552968546,100,100,True,20.0,3.0,2.5,97.5,20.0
Australia,annualized_infant_infections_per_100k,1001.3011868233137,743.634259584066,1167.2053750407588,955.1191960351496,535.4820676060082,1560.735698727437,100,100,True,20.0,3.0,2.5,97.5,20.0
Australia,total_infections,11816835.469592651,7260068.0511561325,12716034.798768409,10644495.5,5315254.1,17616548.275,100,100,True,20.0,3.0,2.5,97.5,20.0
Australia,total_reported_cases,128103.69450283727,110341.88941203551,247455.1804231996,136552.0,78302.15,294495.725,100,100,True,20.0,3.0,2.5,97.5,20.0
Australia,total_infant_cases,46035.67154985329,27573.544953070923,53890.949756996306,42608.0,20206.7,71292.72499999998,100,100,True,20.0,3.0,2.5,97.5,20.0
Australia,total_infant_infections,78518.94821179222,58313.50302988788,91528.6446737747,75529.5,42815.025,123962.275,100,100,True,20.0,3.0,2.5,97.5,20.0
Australia,resistant_infections,11608733.422152093,7142322.3253608225,12516123.941622756,10438499.5,5244313.2,17217605.999999996,100,100,True,20.0,3.0,2.5,97.5,20.0
Brazil,annualized_infections_per_100k,715.6434505998668,190.68574617225727,958.4353108631605,682.9821738163921,144.42483824395248,1187.5144759087734,100,100,True,20.0,3.0,2.5,97.5,20.0
Brazil,annualized_reported_cases_per_100k,0.537178491511967,0.5074296763110933,0.7049074917855219,0.5731142263091271,0.33903110860917307,0.9352642985439387,100,100,True,20.0,3.0,2.5,97.5,20.0
Brazil,annualized_infant_cases_per_100k,306.3607089039242,77.35797811391375,427.0831130734028,292.36525147327876,57.60933014814333,518.8525303008228,100,100,True,20.0,3.0,2.5,97.5,20.0
Brazil,annualized_infant_infections_per_100k,637.5620555954329,162.15488954482606,898.9008275362089,610.3841878949463,123.90039752240185,1113.4473590283903,100,100,True,20.0,3.0,2.5,97.5,20.0
Brazil,total_infections,40450146.76153395,10778085.470162746,54173415.16870791,38524888.0,8130242.925,66939922.675,100,100,True,20.0,3.0,2.5,97.5,20.0
Brazil,total_reported_cases,30362.813805118487,28681.328941731106,39843.321479504404,32386.0,19027.875,52991.25,100,100,True,20.0,3.0,2.5,97.5,20.0
Brazil,total_infant_cases,171071.55204364003,43196.62802134937,238482.83428864347,163439.5,32631.6,289756.975,100,100,True,20.0,3.0,2.5,97.5,20.0
Brazil,total_infant_infections,356014.09178586915,90547.1499681168,501945.4306038037,341126.0,67910.125,613881.7,100,100,True,20.0,3.0,2.5,97.5,20.0
Brazil,resistant_infections,39458288.33289413,1975.332637438281,53228967.603196494,37743218.0,1615.0,66249701.29999998,100,100,True,20.0,3.0,2.5,97.5,20.0
China,annualized_infections_per_100k,330.45257829324487,314.91085786217235,346.3981438073837,323.59467492567705,197.86307955477207,494.81034743022195,100,100,True,20.0,3.0,2.5,97.5,20.0
China,annualized_reported_cases_per_100k,3.510736343071149,3.2607331247194415,3.6219922245784053,3.376078682885959,2.07671761001405,5.091943469709929,100,100,True,20.0,3.0,2.5,97.5,20.0
China,annualized_infant_cases_per_100k,177.69169435250095,170.904968776816,187.92912559985766,176.3695920389182,108.73672410481922,269.3246192078553,100,100,True,20.0,3.0,2.5,97.5,20.0
China,annualized_infant_infections_per_100k,345.75964806575223,338.0536118046989,368.7479046496564,343.8812564456855,210.3417205395033,524.7530903544284,100,100,True,20.0,3.0,2.5,97.5,20.0
China,total_infections,115205943.92768401,109787556.58267897,120765043.89350139,112764863.0,69942154.225,171157538.5,100,100,True,20.0,3.0,2.5,97.5,20.0
China,total_reported_cases,1223950.0648799012,1136791.9701816079,1262738.051675025,1171739.0,724124.675,1794086.3499999999,100,100,True,20.0,3.0,2.5,97.5,20.0
China,total_infant_cases,372417.4471094183,358193.39690780145,393873.6997558471,369679.5,224929.125,556408.25,100,100,True,20.0,3.0,2.5,97.5,20.0
China,total_infant_infections,724664.8523180455,708514.0497430789,772845.0873004766,723382.0,455941.725,1087540.9749999999,100,100,True,20.0,3.0,2.5,97.5,20.0
China,resistant_infections,115133900.23195255,109751427.89406711,120694762.58838068,113075076.0,69910184.625,172219014.12499997,100,100,True,20.0,3.0,2.5,97.5,20.0
Japan,annualized_infections_per_100k,590.4686212341121,297.94233406907966,1191.6460170954454,552.7249914637582,210.43505249755526,1528.406286485633,100,100,True,20.0,3.0,2.5,97.5,20.0
Japan,annualized_reported_cases_per_100k,77.73081686641237,8.035233337985112,153.86144251499434,80.38083892942332,5.633746472483679,177.93464484091456,100,100,True,20.0,3.0,2.5,97.5,20.0
Japan,annualized_infant_cases_per_100k,252.91036256996745,120.19302744279712,525.9347081675188,232.48290205497025,86.04771083535496,669.5885680935359,100,100,True,20.0,3.0,2.5,97.5,20.0
Japan,annualized_infant_infections_per_100k,490.99583338723926,232.7521882826291,990.7220764656454,443.9917079861873,165.7922280366122,1233.4164837083617,100,100,True,20.0,3.0,2.5,97.5,20.0
Japan,total_infections,17273042.871849768,8715740.915517678,34859355.057517715,16140744.0,6212211.525,44243349.32499999,100,100,True,20.0,3.0,2.5,97.5,20.0
Japan,total_reported_cases,2273868.805354489,235055.59284962498,4500922.083222881,2341073.0,171791.17500000002,5224106.1,100,100,True,20.0,3.0,2.5,97.5,20.0
Japan,total_infant_cases,48425.833348144755,23013.875208177033,100702.97765703492,44739.0,16463.75,127310.125,100,100,True,20.0,3.0,2.5,97.5,20.0
Japan,total_infant_infections,94013.08101379022,44566.061189496686,189697.8116021055,84491.0,31549.875,237801.475,100,100,True,20.0,3.0,2.5,97.5,20.0
Japan,resistant_infections,16813869.793760158,8496867.818363441,34007248.53686847,15640895.0,6062095.0,43219157.74999999,100,100,True,20.0,3.0,2.5,97.5,20.0
New_Zealand,annualized_infections_per_100k,1700.3185028034554,1538.0021315311915,1845.191739172519,1644.5757487268802,1011.1105494355346,2535.3391994862905,100,100,True,20.0,3.0,2.5,97.5,20.0
New_Zealand,annualized_reported_cases_per_100k,6.535729998577294,5.9026503521929135,7.028537277170301,6.445360312757112,3.9236482777346655,9.8211892107684,100,100,True,20.0,3.0,2.5,97.5,20.0
New_Zealand,annualized_infant_cases_per_100k,810.6760875295579,729.850915552262,933.3398462619492,796.2456408654035,480.5130912842877,1237.220376928014,100,100,True,20.0,3.0,2.5,97.5,20.0
New_Zealand,annualized_infant_infections_per_100k,1596.0344147138603,1384.394226806659,1709.0465330814638,1546.308184863878,943.4695972736014,2363.0552158011387,100,100,True,20.0,3.0,2.5,97.5,20.0
New_Zealand,total_infections,2440592.552276234,2207607.9851290076,2648538.495869115,2382498.5,1479907.35,3654017.3499999987,100,100,True,20.0,3.0,2.5,97.5,20.0
New_Zealand,total_reported_cases,9381.211215970825,8472.507652771379,10088.575192159298,9209.0,5630.8,13918.074999999999,100,100,True,20.0,3.0,2.5,97.5,20.0
New_Zealand,total_infant_cases,11541.44397151325,10390.751148536518,13287.78455784547,11456.0,6930.0,17703.57499999999,100,100,True,20.0,3.0,2.5,97.5,20.0
New_Zealand,total_infant_infections,22722.443330240603,19709.361670904913,24331.375351956605,21859.0,13499.775,33525.47499999999,100,100,True,20.0,3.0,2.5,97.5,20.0
New_Zealand,resistant_infections,2401060.4841728527,2175023.4495755807,2604413.9173698616,2328259.0,1440958.75,3554677.6249999995,100,100,True,20.0,3.0,2.5,97.5,20.0
South_Africa,annualized_infections_per_100k,1096.5919771995693,7.519661715399229,1244.606948975497,1023.3849833128422,5.819037312060703,1690.4804525512982,100,100,True,20.0,3.0,2.5,97.5,20.0
South_Africa,annualized_reported_cases_per_100k,76.64075167926435,0.5205462537631814,93.4189504741676,69.81270050854579,0.3912031360966819,118.35561606146561,100,100,True,20.0,3.0,2.5,97.5,20.0
South_Africa,annualized_infant_cases_per_100k,466.8964676003498,2.870893670749376,536.636407381979,435.7066303284072,2.261161480634156,728.223596814352,100,100,True,20.0,3.0,2.5,97.5,20.0
South_Africa,annualized_infant_infections_per_100k,823.190135279322,5.216550179384316,955.2510430781633,771.505067970268,4.0679606850072085,1291.553564635401,100,100,True,20.0,3.0,2.5,97.5,20.0
South_Africa,total_infections,20804768.58998336,142664.87702457738,23612964.25681117,19481530.5,111320.70000000001,32005720.324999984,100,100,True,20.0,3.0,2.5,97.5,20.0
South_Africa,total_reported_cases,1454044.4804223417,9875.893416486653,1772363.416165979,1329965.5,7351.8,2233433.55,100,100,True,20.0,3.0,2.5,97.5,20.0
South_Africa,total_infant_cases,131531.1041976036,808.7698914607844,151177.79488257717,122668.5,620.0,202540.77499999997,100,100,True,20.0,3.0,2.5,97.5,20.0
South_Africa,total_infant_infections,231903.89083965804,1469.573312806613,269107.25158291054,218627.0,1136.0,366159.02499999997,100,100,True,20.0,3.0,2.5,97.5,20.0
South_Africa,resistant_infections,20648575.236304067,1497.4387139703033,23441070.325832035,19155594.0,1368.975,31961738.549999993,100,100,True,20.0,3.0,2.5,97.5,20.0
Sweden,annualized_infections_per_100k,2197.982103628142,1452.220551909178,2400.7694532482074,2011.4708420995835,1116.9887297632,3250.8937200366604,100,100,True,20.0,3.0,2.5,97.5,20.0
Sweden,annualized_reported_cases_per_100k,2.0072294191331537,1.8756043840596188,2.162520937813681,1.9732340312663703,1.2156521877926292,2.9950352250472885,100,100,True,20.0,3.0,2.5,97.5,20.0
Sweden,annualized_infant_cases_per_100k,1136.9848797488,690.3308604634136,1278.2100857709477,1042.1195960797645,546.612664697755,1696.9570922549085,100,100,True,20.0,3.0,2.5,97.5,20.0
Sweden,annualized_infant_infections_per_100k,2311.189089467771,1412.362969842994,2591.175317554153,2146.5868609930217,1110.8967661351621,3436.8894115762523,100,100,True,20.0,3.0,2.5,97.5,20.0
Sweden,total_infections,6246740.699017307,4127262.158758407,6823070.380444897,5725764.0,3173345.1750000003,9243468.249999998,100,100,True,20.0,3.0,2.5,97.5,20.0
Sweden,total_reported_cases,5704.615836560633,5330.531676824012,6145.958841916222,5618.0,3472.875,8517.025,100,100,True,20.0,3.0,2.5,97.5,20.0
Sweden,total_infant_cases,28758.488184068305,17460.981641136088,32330.58816252373,26316.0,13722.925,42935.34999999998,100,100,True,20.0,3.0,2.5,97.5,20.0
Sweden,total_infant_infections,58458.38997795117,35723.803323142405,65540.26069800562,54240.0,27999.65,88096.2,100,100,True,20.0,3.0,2.5,97.5,20.0
Sweden,resistant_infections,6133439.785031466,4025537.731129671,6691102.1421869565,5558654.0,3114768.025,9112955.725,100,100,True,20.0,3.0,2.5,97.5,20.0
Thailand,annualized_infections_per_100k,578.6236999671346,180.72321397121846,754.2244261658708,539.579377866263,142.88530373805474,933.5786749628022,100,100,True,20.0,3.0,2.5,97.5,20.0
Thailand,annualized_reported_cases_per_100k,0.3838608013982461,0.31966526558463815,0.4977396733321633,0.3764287026072214,0.2236423185922358,0.6257626133370049,100,100,True,20.0,3.0,2.5,97.5,20.0
Thailand,annualized_infant_cases_per_100k,275.8494258955123,82.99264649006938,367.7707085943536,257.17336099930196,64.25569205254864,449.5452321293873,100,100,True,20.0,3.0,2.5,97.5,20.0
Thailand,annualized_infant_infections_per_100k,542.6341976188965,162.77362353632267,708.527371022131,501.6342581899827,126.1976472314042,869.8087751696632,100,100,True,20.0,3.0,2.5,97.5,20.0
Thailand,total_infections,10411047.57863742,3251715.3954319344,13570597.09405388,9702419.0,2536216.525,16885952.999999996,100,100,True,20.0,3.0,2.5,97.5,20.0
Thailand,total_reported_cases,6906.732945999813,5751.668943327105,8955.722368810273,6722.5,4016.875,11069.025,100,100,True,20.0,3.0,2.5,97.5,20.0
Thailand,total_infant_cases,36085.63546029733,10856.801374803743,48110.449201073934,33732.5,8480.975,58248.099999999984,100,100,True,20.0,3.0,2.5,97.5,20.0
Thailand,total_infant_infections,70985.4652769281,21293.463632333933,92687.01746644225,65924.5,16494.725,113427.97499999996,100,100,True,20.0,3.0,2.5,97.5,20.0
Thailand,resistant_infections,10112683.703080108,2895.318095116622,13175843.251837533,9372374.5,2251.975,16104744.249999998,100,100,True,20.0,3.0,2.5,97.5,20.0
United_Kingdom,annualized_infections_per_100k,1152.2847560857026,801.0134705427178,1948.7039112418015,1106.1604108625406,587.6417163047291,2224.1372088458734,100,100,True,20.0,3.0,2.5,97.5,20.0
United_Kingdom,annualized_reported_cases_per_100k,4.957064004146421,2.842678060536722,40.12342877552447,5.032416866027634,2.25641882517944,47.09842189264074,100,100,True,20.0,3.0,2.5,97.5,20.0
United_Kingdom,annualized_infant_cases_per_100k,595.4898327719944,387.74173484813883,1103.3170701560196,568.2321592492121,280.6265428670207,1277.3811132268397,100,100,True,20.0,3.0,2.5,97.5,20.0
United_Kingdom,annualized_infant_infections_per_100k,1179.246975048759,657.6949244665943,2186.5956779706858,1125.748398039806,495.31067846596846,2483.2965275358915,100,100,True,20.0,3.0,2.5,97.5,20.0
United_Kingdom,total_infections,21723979.464248654,15101487.857241696,36738851.15981011,20865205.5,10911014.525,42238016.9,100,100,True,20.0,3.0,2.5,97.5,20.0
United_Kingdom,total_reported_cases,93455.33390101856,53592.891097258434,756446.0458248575,95345.5,43013.95,884926.7749999998,100,100,True,20.0,3.0,2.5,97.5,20.0
United_Kingdom,total_infant_cases,106195.43888820129,69147.11612334543,196757.7534683512,101880.5,51049.675,226153.82499999995,100,100,True,20.0,3.0,2.5,97.5,20.0
United_Kingdom,total_infant_infections,210298.5528567974,117288.65692943291,389941.9894578847,199929.5,88401.675,439941.4999999997,100,100,True,20.0,3.0,2.5,97.5,20.0
United_Kingdom,resistant_infections,21352365.895266466,14877820.154762913,36141132.22644146,20407376.5,10727328.375,41993824.449999996,100,100,True,20.0,3.0,2.5,97.5,20.0
United_States,annualized_infections_per_100k,203.16726533495796,156.89166437840518,221.66024538758617,185.76288433601837,108.01362027197527,296.1980389170443,100,100,True,20.0,3.0,2.5,97.5,20.0
United_States,annualized_reported_cases_per_100k,1.1339277855595329,0.8681008661602484,1.1807564484167419,1.0225439079120553,0.6013696315736886,1.6289688945412837,100,100,True,20.0,3.0,2.5,97.5,20.0
United_States,annualized_infant_cases_per_100k,80.9716232429925,63.065782901816306,88.278251835319,74.41950059994798,43.96430148951154,118.42025580763504,100,100,True,20.0,3.0,2.5,97.5,20.0
United_States,annualized_infant_infections_per_100k,169.16735123161857,128.00968283626645,183.3570341413102,153.6253236418391,90.80128113813942,248.41347263952198,100,100,True,20.0,3.0,2.5,97.5,20.0
United_States,total_infections,19224655.54608721,14845838.46167359,20974553.707408827,17561321.5,10286573.825,28307057.84999999,100,100,True,20.0,3.0,2.5,97.5,20.0
United_States,total_reported_cases,107297.67921482085,82143.84098731908,111728.80389625121,97012.5,57003.275,152900.15,100,100,True,20.0,3.0,2.5,97.5,20.0
United_States,total_infant_cases,77464.31450785605,60334.07091943551,84454.45516639702,71015.0,42323.825,113417.02499999997,100,100,True,20.0,3.0,2.5,97.5,20.0
United_States,total_infant_infections,161839.81962348943,122464.90868990011,175414.87396259623,146769.0,85469.65,237084.3,100,100,True,20.0,3.0,2.5,97.5,20.0
United_States,resistant_infections,4.77269233670426,0.0022333965701268887,26110.812057136267,8851.5,0.0,38463.45,100,100,True,20.0,3.0,2.5,97.5,20.0
Australia,annualized_infections_per_100k,1535.2721877890747,943.2458389045147,1652.0981867774904,1401.5236644297352,739.217820176809,2139.462296616784,100,100,True,30.0,3.0,2.5,97.5,30.0
Australia,annualized_reported_cases_per_100k,16.643546440480396,14.33588451263461,32.14998349268135,17.472356736966994,10.971675979602551,36.6225845460602,100,100,True,30.0,3.0,2.5,97.5,30.0
Australia,annualized_infant_cases_per_100k,587.0630415822359,351.6275239849468,687.2362969778951,557.4881583974014,278.099755421165,871.3066171835283,100,100,True,30.0,3.0,2.5,97.5,30.0
Australia,annualized_infant_infections_per_100k,1001.3011868233137,743.634259584066,1167.2053750407588,965.7419098375999,581.5623504008182,1473.1433085870333,100,100,True,30.0,3.0,2.5,97.5,30.0
Australia,total_infections,11816835.469592651,7260068.0511561325,12716034.798768409,10891379.5,5689546.825,16544446.275,100,100,True,30.0,3.0,2.5,97.5,30.0
Australia,total_reported_cases,128103.69450283727,110341.88941203551,247455.1804231996,134956.0,84876.925,282125.025,100,100,True,30.0,3.0,2.5,97.5,30.0
Australia,total_infant_cases,46035.67154985329,27573.544953070923,53890.949756996306,43587.0,21716.0,67595.075,100,100,True,30.0,3.0,2.5,97.5,30.0
Australia,total_infant_infections,78518.94821179222,58313.50302988788,91528.6446737747,76170.0,46078.6,116733.025,100,100,True,30.0,3.0,2.5,97.5,30.0
Australia,resistant_infections,11608733.422152093,7142322.3253608225,12516123.941622756,10625637.5,5628310.925,16247024.124999998,100,100,True,30.0,3.0,2.5,97.5,30.0
Brazil,annualized_infections_per_100k,715.6434505998668,190.68574617225727,958.4353108631605,696.0657975603832,154.17270847996338,1132.760408828941,100,100,True,30.0,3.0,2.5,97.5,30.0
Brazil,annualized_reported_cases_per_100k,0.537178491511967,0.5074296763110933,0.7049074917855219,0.5765110490477394,0.3682016348665783,0.8884402382191706,100,100,True,30.0,3.0,2.5,97.5,30.0
Brazil,annualized_infant_cases_per_100k,306.3607089039242,77.35797811391375,427.0831130734028,298.18545995355646,62.3159097849166,496.0390611961641,100,100,True,30.0,3.0,2.5,97.5,30.0
Brazil,annualized_infant_infections_per_100k,637.5620555954329,162.15488954482606,898.9008275362089,621.61899134798,129.9098987414373,1060.5628298227664,100,100,True,30.0,3.0,2.5,97.5,30.0
Brazil,total_infections,40450146.76153395,10778085.470162746,54173415.16870791,39262627.5,8673362.35,63980817.024999976,100,100,True,30.0,3.0,2.5,97.5,30.0
Brazil,total_reported_cases,30362.813805118487,28681.328941731106,39843.321479504404,32693.0,20758.8,50306.025,100,100,True,30.0,3.0,2.5,97.5,30.0
Brazil,total_infant_cases,171071.55204364003,43196.62802134937,238482.83428864347,166283.0,34751.225,278698.82499999995,100,100,True,30.0,3.0,2.5,97.5,30.0
Brazil,total_infant_infections,356014.09178586915,90547.1499681168,501945.4306038037,345453.0,72353.9,584076.575,100,100,True,30.0,3.0,2.5,97.5,30.0
Brazil,resistant_infections,39458288.33289413,1975.332637438281,53228967.603196494,38665234.0,1707.0,62790195.525,100,100,True,30.0,3.0,2.5,97.5,30.0
China,annualized_infections_per_100k,330.45257829324487,314.91085786217235,346.3981438073837,326.5449090532272,220.9759889257478,462.8374572022586,100,100,True,30.0,3.0,2.5,97.5,30.0
China,annualized_reported_cases_per_100k,3.510736343071149,3.2607331247194415,3.6219922245784053,3.381035712041996,2.262289895216405,4.802828289084116,100,100,True,30.0,3.0,2.5,97.5,30.0
China,annualized_infant_cases_per_100k,177.69169435250095,170.904968776816,187.92912559985766,177.0693031314005,119.65226380148934,250.4865199487534,100,100,True,30.0,3.0,2.5,97.5,30.0
China,annualized_infant_infections_per_100k,345.75964806575223,338.0536118046989,368.7479046496564,346.93703982591705,237.00948082315176,491.4274224395618,100,100,True,30.0,3.0,2.5,97.5,30.0
China,total_infections,115205943.92768401,109787556.58267897,120765043.89350139,113697668.5,76081707.6,160986948.82499996,100,100,True,30.0,3.0,2.5,97.5,30.0
China,total_reported_cases,1223950.0648799012,1136791.9701816079,1262738.051675025,1178639.0,799131.575,1679094.0999999999,100,100,True,30.0,3.0,2.5,97.5,30.0
China,total_infant_cases,372417.4471094183,358193.39690780145,393873.6997558471,371097.5,251702.125,524724.325,100,100,True,30.0,3.0,2.5,97.5,30.0
China,total_infant_infections,724664.8523180455,708514.0497430789,772845.0873004766,727052.5,490556.7,1020482.2999999999,100,100,True,30.0,3.0,2.5,97.5,30.0
China,resistant_infections,115133900.23195255,109751427.89406711,120694762.58838068,113907615.0,78176428.85,160785689.92499998,100,100,True,30.0,3.0,2.5,97.5,30.0
Japan,annualized_infections_per_100k,590.4686212341121,297.94233406907966,1191.6460170954454,549.9314251484034,228.38872517231644,1452.8704976515642,100,100,True,30.0,3.0,2.5,97.5,30.0
Japan,annualized_reported_cases_per_100k,77.73081686641237,8.035233337985112,153.86144251499434,80.82853107274005,6.083585769048973,170.77444541521368,100,100,True,30.0,3.0,2.5,97.5,30.0
Japan,annualized_infant_cases_per_100k,252.91036256996745,120.19302744279712,525.9347081675188,234.73124721157768,90.56555079082472,637.9939931622799,100,100,True,30.0,3.0,2.5,97.5,30.0
Japan,annualized_infant_infections_per_100k,490.99583338723926,232.7521882826291,990.7220764656454,440.032952760807,178.03421069286208,1198.8826000101633,100,100,True,30.0,3.0,2.5,97.5,30.0
Japan,total_infections,17273042.871849768,8715740.915517678,34859355.057517715,16257520.5,6700873.9,41957302.875,100,100,True,30.0,3.0,2.5,97.5,30.0
Japan,total_reported_cases,2273868.805354489,235055.59284962498,4500922.083222881,2376461.5,179959.575,5028086.75,100,100,True,30.0,3.0,2.5,97.5,30.0
Japan,total_infant_cases,48425.833348144755,23013.875208177033,100702.97765703492,45187.5,17839.85,121838.94999999998,100,100,True,30.0,3.0,2.5,97.5,30.0
Japan,total_infant_infections,94013.08101379022,44566.061189496686,189697.8116021055,86022.0,34103.725,228568.525,100,100,True,30.0,3.0,2.5,97.5,30.0
Japan,resistant_infections,16813869.793760158,8496867.818363441,34007248.53686847,15767108.0,6493711.15,40942304.375,100,100,True,30.0,3.0,2.5,97.5,30.0
New_Zealand,annualized_infections_per_100k,1700.3185028034554,1538.0021315311915,1845.191739172519,1662.1040601396849,1123.1498936566707,2365.3104079256914,100,100,True,30.0,3.0,2.5,97.5,30.0
New_Zealand,annualized_reported_cases_per_100k,6.535729998577294,5.9026503521929135,7.028537277170301,6.425157114229345,4.325668308017904,9.168359949121282,100,100,True,30.0,3.0,2.5,97.5,30.0
New_Zealand,annualized_infant_cases_per_100k,810.6760875295579,729.850915552262,933.3398462619492,804.9905684240416,536.2822473384379,1170.7026879247255,100,100,True,30.0,3.0,2.5,97.5,30.0
New_Zealand,annualized_infant_infections_per_100k,1596.0344147138603,1384.394226806659,1709.0465330814638,1543.8146207704822,1022.3109602444009,2226.2110244288,100,100,True,30.0,3.0,2.5,97.5,30.0
New_Zealand,total_infections,2440592.552276234,2207607.9851290076,2648538.495869115,2394015.0,1607881.975,3410799.875,100,100,True,30.0,3.0,2.5,97.5,30.0
New_Zealand,total_reported_cases,9381.211215970825,8472.507652771379,10088.575192159298,9278.0,6285.975,13235.0,100,100,True,30.0,3.0,2.5,97.5,30.0
New_Zealand,total_infant_cases,11541.44397151325,10390.751148536518,13287.78455784547,11468.5,7609.975,16587.1,100,100,True,30.0,3.0,2.5,97.5,30.0
New_Zealand,total_infant_infections,22722.443330240603,19709.361670904913,24331.375351956605,22068.5,14732.95,31442.0,100,100,True,30.0,3.0,2.5,97.5,30.0
New_Zealand,resistant_infections,2401060.4841728527,2175023.4495755807,2604413.9173698616,2346729.0,1599923.375,3355771.2249999996,100,100,True,30.0,3.0,2.5,97.5,30.0
South_Africa,annualized_infections_per_100k,1096.5919771995693,7.519661715399229,1244.606948975497,1045.700082511269,6.2427556433589135,1602.9448737967803,100,100,True,30.0,3.0,2.5,97.5,30.0
South_Africa,annualized_reported_cases_per_100k,76.64075167926435,0.5205462537631814,93.4189504741676,71.7158694835411,0.4142787116029629,111.57451214509935,100,100,True,30.0,3.0,2.5,97.5,30.0
South_Africa,annualized_infant_cases_per_100k,466.8964676003498,2.870893670749376,536.636407381979,445.147078645166,2.378212752237888,680.923837909125,100,100,True,30.0,3.0,2.5,97.5,30.0
South_Africa,annualized_infant_infections_per_100k,823.190135279322,5.216550179384316,955.2510430781633,790.6006916775339,4.334010836805893,1214.1661505933455,100,100,True,30.0,3.0,2.5,97.5,30.0
South_Africa,total_infections,20804768.58998336,142664.87702457738,23612964.25681117,19790269.5,118239.075,30226931.999999993,100,100,True,30.0,3.0,2.5,97.5,30.0
South_Africa,total_reported_cases,1454044.4804223417,9875.893416486653,1772363.416165979,1361426.5,7946.85,2124766.025,100,100,True,30.0,3.0,2.5,97.5,30.0
South_Africa,total_infant_cases,131531.1041976036,808.7698914607844,151177.79488257717,125687.0,656.0,191376.32499999998,100,100,True,30.0,3.0,2.5,97.5,30.0
South_Africa,total_infant_infections,231903.89083965804,1469.573312806613,269107.25158291054,222961.5,1196.975,340911.3,100,100,True,30.0,3.0,2.5,97.5,30.0
South_Africa,resistant_infections,20648575.236304067,1497.4387139703033,23441070.325832035,19661674.5,1396.975,30131487.25,100,100,True,30.0,3.0,2.5,97.5,30.0
Sweden,annualized_infections_per_100k,2197.982103628142,1452.220551909178,2400.7694532482074,2038.8769280867032,1200.1625418030071,3064.3468099835386,100,100,True,30.0,3.0,2.5,97.5,30.0
Sweden,annualized_reported_cases_per_100k,2.0072294191331537,1.8756043840596188,2.162520937813681,1.9825582299872426,1.3497281835228025,2.8149104311883106,100,100,True,30.0,3.0,2.5,97.5,30.0
Sweden,annualized_infant_cases_per_100k,1136.9848797488,690.3308604634136,1278.2100857709477,1050.1848632342403,582.0296633029918,1603.9682868365537,100,100,True,30.0,3.0,2.5,97.5,30.0
Sweden,annualized_infant_infections_per_100k,2311.189089467771,1412.362969842994,2591.175317554153,2160.938330459727,1200.9183815946358,3271.9487672447854,100,100,True,30.0,3.0,2.5,97.5,30.0
Sweden,total_infections,6246740.699017307,4127262.158758407,6823070.380444897,5806689.0,3383774.8000000003,8705973.799999997,100,100,True,30.0,3.0,2.5,97.5,30.0
Sweden,total_reported_cases,5704.615836560633,5330.531676824012,6145.958841916222,5647.0,3860.95,7887.049999999999,100,100,True,30.0,3.0,2.5,97.5,30.0
Sweden,total_infant_cases,28758.488184068305,17460.981641136088,32330.58816252373,26599.0,14686.925,40723.05,100,100,True,30.0,3.0,2.5,97.5,30.0
Sweden,total_infant_infections,58458.38997795117,35723.803323142405,65540.26069800562,54844.0,30037.075,82431.62499999999,100,100,True,30.0,3.0,2.5,97.5,30.0
Sweden,resistant_infections,6133439.785031466,4025537.731129671,6691102.1421869565,5679938.5,3352193.45,8551654.5,100,100,True,30.0,3.0,2.5,97.5,30.0
Thailand,annualized_infections_per_100k,578.6236999671346,180.72321397121846,754.2244261658708,549.3608673242095,149.32170121234498,879.3108650809675,100,100,True,30.0,3.0,2.5,97.5,30.0
Thailand,annualized_reported_cases_per_100k,0.3838608013982461,0.31966526558463815,0.4977396733321633,0.37501103361073546,0.24392801806458436,0.5768436256576112,100,100,True,30.0,3.0,2.5,97.5,30.0
Thailand,annualized_infant_cases_per_100k,275.8494258955123,82.99264649006938,367.7707085943536,263.0441889895268,69.01981086317763,435.1993653822926,100,100,True,30.0,3.0,2.5,97.5,30.0
Thailand,annualized_infant_infections_per_100k,542.6341976188965,162.77362353632267,708.527371022131,512.4241771607915,133.38290676045418,844.1919678984788,100,100,True,30.0,3.0,2.5,97.5,30.0
Thailand,total_infections,10411047.57863742,3251715.3954319344,13570597.09405388,9861414.5,2680878.1,15961674.224999998,100,100,True,30.0,3.0,2.5,97.5,30.0
Thailand,total_reported_cases,6906.732945999813,5751.668943327105,8955.722368810273,6771.5,4397.95,10544.224999999997,100,100,True,30.0,3.0,2.5,97.5,30.0
Thailand,total_infant_cases,36085.63546029733,10856.801374803743,48110.449201073934,34327.5,8990.875,56377.174999999996,100,100,True,30.0,3.0,2.5,97.5,30.0
Thailand,total_infant_infections,70985.4652769281,21293.463632333933,92687.01746644225,66994.5,17622.875,108787.04999999999,100,100,True,30.0,3.0,2.5,97.5,30.0
Thailand,resistant_infections,10112683.703080108,2895.318095116622,13175843.251837533,9581821.5,2380.0,15373253.2,100,100,True,30.0,3.0,2.5,97.5,30.0
United_Kingdom,annualized_infections_per_100k,1152.2847560857026,801.0134705427178,1948.7039112418015,1109.181667506115,627.0161338369451,2157.5927661947558,100,100,True,30.0,3.0,2.5,97.5,30.0
United_Kingdom,annualized_reported_cases_per_100k,4.957064004146421,2.842678060536722,40.12342877552447,5.051274583902527,2.4114402892352103,45.677218825822294,100,100,True,30.0,3.0,2.5,97.5,30.0
United_Kingdom,annualized_infant_cases_per_100k,595.4898327719944,387.74173484813883,1103.3170701560196,575.35648443826,307.86884943178865,1193.271545997494,100,100,True,30.0,3.0,2.5,97.5,30.0
United_Kingdom,annualized_infant_infections_per_100k,1179.246975048759,657.6949244665943,2186.5956779706858,1131.201680357453,528.7076358362896,2387.6681525264503,100,100,True,30.0,3.0,2.5,97.5,30.0
United_Kingdom,total_infections,21723979.464248654,15101487.857241696,36738851.15981011,20850323.0,11698864.675,41337664.599999994,100,100,True,30.0,3.0,2.5,97.5,30.0
United_Kingdom,total_reported_cases,93455.33390101856,53592.891097258434,756446.0458248575,95072.5,45673.6,850931.7749999999,100,100,True,30.0,3.0,2.5,97.5,30.0
United_Kingdom,total_infant_cases,106195.43888820129,69147.11612334543,196757.7534683512,102744.5,54435.6,215750.19999999995,100,100,True,30.0,3.0,2.5,97.5,30.0
United_Kingdom,total_infant_infections,210298.5528567974,117288.65692943291,389941.9894578847,203213.5,93855.90000000001,421238.47499999986,100,100,True,30.0,3.0,2.5,97.5,30.0
United_Kingdom,resistant_infections,21352365.895266466,14877820.154762913,36141132.22644146,20619503.5,11679229.525,40332852.6,100,100,True,30.0,3.0,2.5,97.5,30.0
United_States,annualized_infections_per_100k,203.16726533495796,156.89166437840518,221.66024538758617,185.56878759615557,118.55037270892055,280.5099924817416,100,100,True,30.0,3.0,2.5,97.5,30.0
United_States,annualized_reported_cases_per_100k,1.1339277855595329,0.8681008661602484,1.1807564484167419,1.0295349363833552,0.6648777488157522,1.530838615864266,100,100,True,30.0,3.0,2.5,97.5,30.0
United_States,annualized_infant_cases_per_100k,80.9716232429925,63.065782901816306,88.278251835319,74.91600657513861,47.96512173217349,112.01553279785158,100,100,True,30.0,3.0,2.5,97.5,30.0
United_States,annualized_infant_infections_per_100k,169.16735123161857,128.00968283626645,183.3570341413102,154.61833546122,97.7203064922152,231.66521379628836,100,100,True,30.0,3.0,2.5,97.5,30.0
United_States,total_infections,19224655.54608721,14845838.46167359,20974553.707408827,17702992.5,11302220.275,26668693.775,100,100,True,30.0,3.0,2.5,97.5,30.0
United_States,total_reported_cases,107297.67921482085,82143.84098731908,111728.80389625121,97614.5,63022.725,145165.22499999998,100,100,True,30.0,3.0,2.5,97.5,30.0
United_States,total_infant_cases,77464.31450785605,60334.07091943551,84454.45516639702,71483.5,45621.875,107376.9,100,100,True,30.0,3.0,2.5,97.5,30.0
United_States,total_infant_infections,161839.81962348943,122464.90868990011,175414.87396259623,148040.5,93955.8,223507.89999999997,100,100,True,30.0,3.0,2.5,97.5,30.0
United_States,resistant_infections,4.77269233670426,0.0022333965701268887,26110.812057136267,9003.5,0.0,38736.524999999994,100,100,True,30.0,3.0,2.5,97.5,30.0
Australia,annualized_infections_per_100k,1535.2721877890747,943.2458389045147,1652.0981867774904,1436.6598448368877,790.4973436087054,2012.5152637530377,100,100,True,50.0,3.0,2.5,97.5,50.0
Australia,annualized_reported_cases_per_100k,16.643546440480396,14.33588451263461,32.14998349268135,17.23842902870477,11.896482323620651,35.05014421445885,100,100,True,50.0,3.0,2.5,97.5,50.0
Australia,annualized_infant_cases_per_100k,587.0630415822359,351.6275239849468,687.2362969778951,571.7006446009306,297.76388100049263,817.5694703593654,100,100,True,50.0,3.0,2.5,97.5,50.0
Australia,annualized_infant_infections_per_100k,1001.3011868233137,743.634259584066,1167.2053750407588,979.9225307408254,624.04775467815,1387.4666366805639,100,100,True,50.0,3.0,2.5,97.5,50.0
Australia,total_infections,11816835.469592651,7260068.0511561325,12716034.798768409,11131792.5,6085388.3,15567618.249999998,100,100,True,50.0,3.0,2.5,97.5,50.0
Australia,total_reported_cases,128103.69450283727,110341.88941203551,247455.1804231996,132762.0,91944.775,271147.15,100,100,True,50.0,3.0,2.5,97.5,50.0
Australia,total_infant_cases,46035.67154985329,27573.544953070923,53890.949756996306,44724.0,23194.625,63654.0,100,100,True,50.0,3.0,2.5,97.5,50.0
Australia,total_infant_infections,78518.94821179222,58313.50302988788,91528.6446737747,77008.5,49355.725,110098.99999999999,100,100,True,50.0,3.0,2.5,97.5,50.0
Australia,resistant_infections,11608733.422152093,7142322.3253608225,12516123.941622756,10897139.0,6006184.375,15272590.549999999,100,100,True,50.0,3.0,2.5,97.5,50.0
Brazil,annualized_infections_per_100k,715.6434505998668,190.68574617225727,958.4353108631605,708.3646882432047,162.77855833357822,1080.1634576650445,100,100,True,50.0,3.0,2.5,97.5,50.0
Brazil,annualized_reported_cases_per_100k,0.537178491511967,0.5074296763110933,0.7049074917855219,0.5803767611843744,0.40208134900829684,0.8409173785134483,100,100,True,50.0,3.0,2.5,97.5,50.0
Brazil,annualized_infant_cases_per_100k,306.3607089039242,77.35797811391375,427.0831130734028,303.00459363935664,65.25399693953808,476.2219603523003,100,100,True,50.0,3.0,2.5,97.5,50.0
Brazil,annualized_infant_infections_per_100k,637.5620555954329,162.15488954482606,898.9008275362089,630.2051420448036,137.50728848986986,1009.3067939005246,100,100,True,50.0,3.0,2.5,97.5,50.0
Brazil,total_infections,40450146.76153395,10778085.470162746,54173415.16870791,39884115.0,9198187.55,61276744.54999999,100,100,True,50.0,3.0,2.5,97.5,50.0
Brazil,total_reported_cases,30362.813805118487,28681.328941731106,39843.321479504404,32880.5,22656.2,47444.1,100,100,True,50.0,3.0,2.5,97.5,50.0
Brazil,total_infant_cases,171071.55204364003,43196.62802134937,238482.83428864347,169045.0,36437.625,267307.49999999994,100,100,True,50.0,3.0,2.5,97.5,50.0
Brazil,total_infant_infections,356014.09178586915,90547.1499681168,501945.4306038037,349782.5,77269.65,558794.325,100,100,True,50.0,3.0,2.5,97.5,50.0
Brazil,resistant_infections,39458288.33289413,1975.332637438281,53228967.603196494,39113113.5,1781.0,59951750.699999996,100,100,True,50.0,3.0,2.5,97.5,50.0
China,annualized_infections_per_100k,330.45257829324487,314.91085786217235,346.3981438073837,328.1735028162758,243.51210897858365,433.77221598943913,100,100,True,50.0,3.0,2.5,97.5,50.0
China,annualized_reported_cases_per_100k,3.510736343071149,3.2607331247194415,3.6219922245784053,3.4014160158269098,2.4979688747967086,4.497610735413229,100,100,True,50.0,3.0,2.5,97.5,50.0
China,annualized_infant_cases_per_100k,177.69169435250095,170.904968776816,187.92912559985766,177.70030796131402,130.77218202970656,233.2579729443237,100,100,True,50.0,3.0,2.5,97.5,50.0
China,annualized_infant_infections_per_100k,345.75964806575223,338.0536118046989,368.7479046496564,348.6935953665127,259.2129962578743,460.3034815086506,100,100,True,50.0,3.0,2.5,97.5,50.0
China,total_infections,115205943.92768401,109787556.58267897,120765043.89350139,114241900.0,84336212.35,150412445.7,100,100,True,50.0,3.0,2.5,97.5,50.0
China,total_reported_cases,1223950.0648799012,1136791.9701816079,1262738.051675025,1183078.0,874379.35,1566375.7999999998,100,100,True,50.0,3.0,2.5,97.5,50.0
China,total_infant_cases,372417.4471094183,358193.39690780145,393873.6997558471,372385.0,276673.15,489734.82499999995,100,100,True,50.0,3.0,2.5,97.5,50.0
China,total_infant_infections,724664.8523180455,708514.0497430789,772845.0873004766,730244.5,539152.75,957656.2749999999,100,100,True,50.0,3.0,2.5,97.5,50.0
China,resistant_infections,115133900.23195255,109751427.89406711,120694762.58838068,114443523.5,85644485.025,149884575.92499998,100,100,True,50.0,3.0,2.5,97.5,50.0
Japan,annualized_infections_per_100k,590.4686212341121,297.94233406907966,1191.6460170954454,556.4992713233836,245.08674348649478,1377.7686370704587,100,100,True,50.0,3.0,2.5,97.5,50.0
Japan,annualized_reported_cases_per_100k,77.73081686641237,8.035233337985112,153.86144251499434,81.30353099507576,6.524589254001122,165.79361375473192,100,100,True,50.0,3.0,2.5,97.5,50.0
Japan,annualized_infant_cases_per_100k,252.91036256996745,120.19302744279712,525.9347081675188,234.8827029608177,96.46190361082711,604.9336854410283,100,100,True,50.0,3.0,2.5,97.5,50.0
Japan,annualized_infant_infections_per_100k,490.99583338723926,232.7521882826291,990.7220764656454,450.11263735300304,188.5666949632692,1140.3059268822706,100,100,True,50.0,3.0,2.5,97.5,50.0
Japan,total_infections,17273042.871849768,8715740.915517678,34859355.057517715,16104235.0,7163760.75,40341658.67499999,100,100,True,50.0,3.0,2.5,97.5,50.0
Japan,total_reported_cases,2273868.805354489,235055.59284962498,4500922.083222881,2365497.0,192675.85,4823933.925,100,100,True,50.0,3.0,2.5,97.5,50.0
Japan,total_infant_cases,48425.833348144755,23013.875208177033,100702.97765703492,45832.0,18850.775,116233.47499999999,100,100,True,50.0,3.0,2.5,97.5,50.0
Japan,total_infant_infections,94013.08101379022,44566.061189496686,189697.8116021055,84580.5,36423.95,217913.19999999995,100,100,True,50.0,3.0,2.5,97.5,50.0
Japan,resistant_infections,16813869.793760158,8496867.818363441,34007248.53686847,15886561.0,6925284.225,39359683.67499998,100,100,True,50.0,3.0,2.5,97.5,50.0
New_Zealand,annualized_infections_per_100k,1700.3185028034554,1538.0021315311915,1845.191739172519,1671.829777721109,1235.7021920083598,2228.94025677164,100,100,True,50.0,3.0,2.5,97.5,50.0
New_Zealand,annualized_reported_cases_per_100k,6.535729998577294,5.9026503521929135,7.028537277170301,6.462429543745151,4.770099625566111,8.56298391991658,100,100,True,50.0,3.0,2.5,97.5,50.0
New_Zealand,annualized_infant_cases_per_100k,810.6760875295579,729.850915552262,933.3398462619492,804.1827848589803,581.3783742850561,1099.8283264159184,100,100,True,50.0,3.0,2.5,97.5,50.0
New_Zealand,annualized_infant_infections_per_100k,1596.0344147138603,1384.394226806659,1709.0465330814638,1557.5115008768867,1140.1305108386027,2081.3559323476834,100,100,True,50.0,3.0,2.5,97.5,50.0
New_Zealand,total_infections,2440592.552276234,2207607.9851290076,2648538.495869115,2396932.0,1745103.2750000001,3191333.9,100,100,True,50.0,3.0,2.5,97.5,50.0
New_Zealand,total_reported_cases,9381.211215970825,8472.507652771379,10088.575192159298,9327.0,6847.95,12340.124999999998,100,100,True,50.0,3.0,2.5,97.5,50.0
New_Zealand,total_infant_cases,11541.44397151325,10390.751148536518,13287.78455784547,11515.0,8363.975,15677.199999999997,100,100,True,50.0,3.0,2.5,97.5,50.0
New_Zealand,total_infant_infections,22722.443330240603,19709.361670904913,24331.375351956605,22089.0,16074.925,29357.074999999997,100,100,True,50.0,3.0,2.5,97.5,50.0
New_Zealand,resistant_infections,2401060.4841728527,2175023.4495755807,2604413.9173698616,2366645.5,1743246.725,3139124.15,100,100,True,50.0,3.0,2.5,97.5,50.0
South_Africa,annualized_infections_per_100k,1096.5919771995693,7.519661715399229,1244.606948975497,1067.7301881667647,6.603540556656243,1499.655229305603,100,100,True,50.0,3.0,2.5,97.5,50.0
South_Africa,annualized_reported_cases_per_100k,76.64075167926435,0.5205462537631814,93.4189504741676,73.07572416799874,0.43979351924502064,106.22335760245123,100,100,True,50.0,3.0,2.5,97.5,50.0
South_Africa,annualized_infant_cases_per_100k,466.8964676003498,2.870893670749376,536.636407381979,454.86613693629755,2.4954417165934566,639.1660484393362,100,100,True,50.0,3.0,2.5,97.5,50.0
South_Africa,annualized_infant_infections_per_100k,823.190135279322,5.216550179384316,955.2510430781633,807.1227823866321,4.554269950274804,1139.5903772296938,100,100,True,50.0,3.0,2.5,97.5,50.0
South_Africa,total_infections,20804768.58998336,142664.87702457738,23612964.25681117,20229768.0,125818.425,28500426.8,100,100,True,50.0,3.0,2.5,97.5,50.0
South_Africa,total_reported_cases,1454044.4804223417,9875.893416486653,1772363.416165979,1389749.5,8420.8,2005459.9249999998,100,100,True,50.0,3.0,2.5,97.5,50.0
South_Africa,total_infant_cases,131531.1041976036,808.7698914607844,151177.79488257717,128596.5,691.975,181110.62499999997,100,100,True,50.0,3.0,2.5,97.5,50.0
South_Africa,total_infant_infections,231903.89083965804,1469.573312806613,269107.25158291054,227004.0,1266.0,320126.0249999999,100,100,True,50.0,3.0,2.5,97.5,50.0
South_Africa,resistant_infections,20648575.236304067,1497.4387139703033,23441070.325832035,20116138.5,1427.975,28232315.825,100,100,True,50.0,3.0,2.5,97.5,50.0
Sweden,annualized_infections_per_100k,2197.982103628142,1452.220551909178,2400.7694532482074,2067.0972434253927,1277.6718577779902,2885.130117744592,100,100,True,50.0,3.0,2.5,97.5,50.0
Sweden,annualized_reported_cases_per_100k,2.0072294191331537,1.8756043840596188,2.162520937813681,1.9911783598520265,1.4756847771396906,2.631916226901396,100,100,True,50.0,3.0,2.5,97.5,50.0
Sweden,annualized_infant_cases_per_100k,1136.9848797488,690.3308604634136,1278.2100857709477,1064.5956055673428,610.7414241080062,1516.979040390926,100,100,True,50.0,3.0,2.5,97.5,50.0
Sweden,annualized_infant_infections_per_100k,2311.189089467771,1412.362969842994,2591.175317554153,2194.761048857838,1274.0879822152058,3073.1863351966895,100,100,True,50.0,3.0,2.5,97.5,50.0
Sweden,total_infections,6246740.699017307,4127262.158758407,6823070.380444897,5850506.5,3665581.4,8183450.5249999985,100,100,True,50.0,3.0,2.5,97.5,50.0
Sweden,total_reported_cases,5704.615836560633,5330.531676824012,6145.958841916222,5679.5,4202.0,7460.025,100,100,True,50.0,3.0,2.5,97.5,50.0
Sweden,total_infant_cases,28758.488184068305,17460.981641136088,32330.58816252373,27093.0,15638.9,38232.025,100,100,True,50.0,3.0,2.5,97.5,50.0
Sweden,total_infant_infections,58458.38997795117,35723.803323142405,65540.26069800562,55681.0,31564.7,78223.1,100,100,True,50.0,3.0,2.5,97.5,50.0
Sweden,resistant_infections,6133439.785031466,4025537.731129671,6691102.1421869565,5746520.0,3565703.75,7999261.024999998,100,100,True,50.0,3.0,2.5,97.5,50.0
Thailand,annualized_infections_per_100k,578.6236999671346,180.72321397121846,754.2244261658708,556.7130056865496,158.31445490760223,846.1140012286064,100,100,True,50.0,3.0,2.5,97.5,50.0
Thailand,annualized_reported_cases_per_100k,0.3838608013982461,0.31966526558463815,0.4977396733321633,0.377150712502101,0.26621485867996625,0.5538366210175344,100,100,True,50.0,3.0,2.5,97.5,50.0
Thailand,annualized_infant_cases_per_100k,275.8494258955123,82.99264649006938,367.7707085943536,265.5209383676655,72.16773391028333,410.7827066636492,100,100,True,50.0,3.0,2.5,97.5,50.0
Thailand,annualized_infant_infections_per_100k,542.6341976188965,162.77362353632267,708.527371022131,521.0278464841422,142.99370381781873,803.9387900573109,100,100,True,50.0,3.0,2.5,97.5,50.0
Thailand,total_infections,10411047.57863742,3251715.3954319344,13570597.09405388,10014194.5,2820910.725,15428835.899999997,100,100,True,50.0,3.0,2.5,97.5,50.0
Thailand,total_reported_cases,6906.732945999813,5751.668943327105,8955.722368810273,6792.0,4767.975,10059.0,100,100,True,50.0,3.0,2.5,97.5,50.0
Thailand,total_infant_cases,36085.63546029733,10856.801374803743,48110.449201073934,34635.0,9448.95,53873.57499999999,100,100,True,50.0,3.0,2.5,97.5,50.0
Thailand,total_infant_infections,70985.4652769281,21293.463632333933,92687.01746644225,67981.0,18600.625,104122.5,100,100,True,50.0,3.0,2.5,97.5,50.0
Thailand,resistant_infections,10112683.703080108,2895.318095116622,13175843.251837533,9741979.0,2507.0,14853801.3,100,100,True,50.0,3.0,2.5,97.5,50.0
United_Kingdom,annualized_infections_per_100k,1152.2847560857026,801.0134705427178,1948.7039112418015,1116.2797919468696,668.8325116558516,2102.531408815021,100,100,True,50.0,3.0,2.5,97.5,50.0
United_Kingdom,annualized_reported_cases_per_100k,4.957064004146421,2.842678060536722,40.12342877552447,5.048594982268025,2.549887629345029,43.85270197107997,100,100,True,50.0,3.0,2.5,97.5,50.0
United_Kingdom,annualized_infant_cases_per_100k,595.4898327719944,387.74173484813883,1103.3170701560196,577.33032195111,322.6820090515445,1182.9863169558053,100,100,True,50.0,3.0,2.5,97.5,50.0
United_Kingdom,annualized_infant_infections_per_100k,1179.246975048759,657.6949244665943,2186.5956779706858,1146.3587285539302,564.545660476692,2300.639210049525,100,100,True,50.0,3.0,2.5,97.5,50.0
United_Kingdom,total_infections,21723979.464248654,15101487.857241696,36738851.15981011,21045828.0,12623209.225,39350045.275,100,100,True,50.0,3.0,2.5,97.5,50.0
United_Kingdom,total_reported_cases,93455.33390101856,53592.891097258434,756446.0458248575,95109.5,48180.0,825761.2499999999,100,100,True,50.0,3.0,2.5,97.5,50.0
United_Kingdom,total_infant_cases,106195.43888820129,69147.11612334543,196757.7534683512,103144.0,58041.8,209474.3,100,100,True,50.0,3.0,2.5,97.5,50.0
United_Kingdom,total_infant_infections,210298.5528567974,117288.65692943291,389941.9894578847,204794.0,99971.925,413938.89999999997,100,100,True,50.0,3.0,2.5,97.5,50.0
United_Kingdom,resistant_infections,21352365.895266466,14877820.154762913,36141132.22644146,20784015.5,12371476.85,38339495.65,100,100,True,50.0,3.0,2.5,97.5,50.0
United_States,annualized_infections_per_100k,203.16726533495796,156.89166437840518,221.66024538758617,187.850965439714,129.52810441005212,263.8566923460701,100,100,True,50.0,3.0,2.5,97.5,50.0
United_States,annualized_reported_cases_per_100k,1.1339277855595329,0.8681008661602484,1.1807564484167419,1.032763544774152,0.7102667495221512,1.4406021623652325,100,100,True,50.0,3.0,2.5,97.5,50.0
United_States,annualized_infant_cases_per_100k,80.9716232429925,63.065782901816306,88.278251835319,74.83081812847342,52.01995873429969,105.5813859824844,100,100,True,50.0,3.0,2.5,97.5,50.0
United_States,annualized_infant_infections_per_100k,169.16735123161857,128.00968283626645,183.3570341413102,156.10890070718236,106.39834847258425,220.27507525976054,100,100,True,50.0,3.0,2.5,97.5,50.0
United_States,total_infections,19224655.54608721,14845838.46167359,20974553.707408827,17760947.0,12198799.575,24983744.774999995,100,100,True,50.0,3.0,2.5,97.5,50.0
United_States,total_reported_cases,107297.67921482085,82143.84098731908,111728.80389625121,97844.0,67676.7,136719.2,100,100,True,50.0,3.0,2.5,97.5,50.0
United_States,total_infant_cases,77464.31450785605,60334.07091943551,84454.45516639702,72111.0,50116.8,101286.375,100,100,True,50.0,3.0,2.5,97.5,50.0
United_States,total_infant_infections,161839.81962348943,122464.90868990011,175414.87396259623,149080.5,101812.8,211439.1,100,100,True,50.0,3.0,2.5,97.5,50.0
United_States,resistant_infections,4.77269233670426,0.0022333965701268887,26110.812057136267,9340.0,0.0,38957.34999999998,100,100,True,50.0,3.0,2.5,97.5,50.0
