analysis,scenario,vaccine_scenario,resistance_scenario,intervention,calendar_start_date,calendar_end_date,calendar_start_year,calendar_end_year,total_symptomatic_cases,total_infections,total_reported_cases,total_infant_cases,total_infant_infections,resistant_infections,resistant_fraction,resistant_fraction_start,resistant_fraction_end,total_population,infant_population,analysis_years,annualized_infections_per_100k,annualized_reported_cases_per_100k,annualized_infant_cases_per_100k,annualized_infant_infections_per_100k,peak_incidence_per_100k_year,treated_cases,PEP_averted_cases,peak_incidence,time_to_peak,outbreak_duration,n_epidemic_peaks,mean_peak_interval_years,proportion_asymptomatic,case_to_infection_ratio,mean_infection_to_case_ratio,vaccinated_origin_infection_share,waned_origin_infection_share,maternal_origin_infection_share,dose1_origin_infection_share,dose2_origin_infection_share,dose3plus_origin_infection_share,relative_reduction_vs_baseline,calibration_loaded,resistance_timeline_country,resistance_timeline_iso3,resistance_timeline_anchor_year,resistance_timeline_allows_future_evidence,resistance_timeline_method,resistance_timeline_evidence_years,resistance_timeline_evidence_type,resistance_timeline_source,resistance_timeline_notes,calibration_country,calibration_artifact_path,calibration_config_hash,calibration_accepted,calibration_calibration_status,calibration_fit_score,calibration_data_fit_score,calibration_optimizer_success,contact_reciprocity_error_before,contact_reciprocity_error_after,VE_sus,VE_sym,VE_inf,VE_dur,infectious_duration_symptomatic,infectious_duration_asymptomatic,waning_rate_vaccine,waning_rate_natural,relative_infectiousness_asymptomatic,seasonal_amplitude,multi_year_amplitude,treatment_rate_symptomatic,PEP_coverage,PEP_effectiveness_resistant,fitness_R,reporting_rate_multiplier,observed_mean_annual_reported_incidence_per_100k,model_to_observed_reported_incidence_ratio,absolute_fit_relative_error,absolute_fit_relative_tolerance,absolute_fit_status,corr_VE_sus_infant_cases,corr_VE_sym_infant_cases,corr_VE_inf_infant_cases,corr_VE_dur_infant_cases,corr_infectious_duration_symptomatic_infant_cases,corr_infectious_duration_asymptomatic_infant_cases,corr_waning_rate_vaccine_infant_cases,corr_waning_rate_natural_infant_cases,corr_relative_infectiousness_asymptomatic_infant_cases,corr_seasonal_amplitude_infant_cases,corr_multi_year_amplitude_infant_cases,corr_treatment_rate_symptomatic_infant_cases,corr_PEP_coverage_infant_cases,corr_PEP_effectiveness_resistant_infant_cases,corr_fitness_R_infant_cases,corr_reporting_rate_multiplier_infant_cases
sensitivity,lhs_001,sampled,country_timeline,,2026-01-01,2055-12-25,2026,2055,668861122.9164249,3126652393.3462615,45894426.21083923,21650688.034028914,33935654.25937664,3126620949.9599667,0.9999899434339545,0.9969999999999999,0.9999994048221817,1422584932.5000045,9129465.00000003,30.0,7326.223135353997,107.53763603692389,7905.059071197433,12390.52316113322,20539.7555797099,468025612.3754841,18883461.054757044,800535.5289021425,10101.0,10950.0,8,3.953424657534247,0.7860775555543659,0.2139224444456342,4.674591310843673,0.33709529775310876,0.28935636739009146,2.1071174116519622e-05,0.011173347870319733,0.014717303346794107,0.3111835753618784,,True,China,CHN,2025,False,nearest_past_year,2024,measured_multicenter_isolate_fraction,https://www.sciencedirect.com/science/article/pii/S2666606525001658,Five sentinel hospitals in China during 2024; 393/394 isolates displayed high-level azithromycin resistance.,China,/home/lkg/pertussis_transmission_analysis/outputs/calibrations/China_calibrated_config.yaml,d93df260fbd23170a66df75f30c0a583e9f8ef0a202e596441d8c381761b05fc,True,accepted,27380.740229507508,27104.333953472942,True,1.795716133865564e-05,1.6868967132961965e-16,0.6678874445829,0.45897287685486327,0.483374349925694,0.24133650511444224,19.540248779260097,8.154818940113897,0.0008838381301520932,0.0004031042870276109,0.8073429226183598,0.09418130635926064,0.023964380228671655,0.06756856470634076,0.5231130204609343,0.08036755509765217,1.023438915029888,0.7458196636952403,4.501527522498535,23.889143296237368,22.889143296237368,0.25,calibrated_country_scenario_analysis,-0.02176739720641195,0.10649609736197356,-0.0745107988676186,-0.05186055555726199,0.16861967408141354,0.5237349901770497,-0.05613932058225618,0.5385386288086113,0.44163358955705645,0.229076567465725,0.12551099913617725,-0.046343070413472826,-0.15538381601087065,-0.3474079729846009,0.5125465602896617,0.139535929759096
sensitivity,lhs_002,sampled,country_timeline,,2026-01-01,2055-12-25,2026,2055,762534250.2957078,3964687143.2956514,59285143.621425554,28625994.990718056,50594212.36029502,3964530740.8592854,0.9999605511278158,0.997,0.9999985241884715,1422584932.5000036,9129465.000000022,30.0,9289.86629132983,138.9141280004042,10451.870213905557,18472.86500734888,44412.69694612405,782867302.2065029,29599361.736181103,1730981.7393765752,189.0,10950.0,8,4.002739726027398,0.8076684936956084,0.19233150630439158,5.1993561492590805,0.3917654459220568,0.3088049220184443,3.520504168956941e-05,0.010653082106178885,0.014591038860442229,0.3664861199137462,,True,China,CHN,2025,False,nearest_past_year,2024,measured_multicenter_isolate_fraction,https://www.sciencedirect.com/science/article/pii/S2666606525001658,Five sentinel hospitals in China during 2024; 393/394 isolates displayed high-level azithromycin resistance.,China,/home/lkg/pertussis_transmission_analysis/outputs/calibrations/China_calibrated_config.yaml,d93df260fbd23170a66df75f30c0a583e9f8ef0a202e596441d8c381761b05fc,True,accepted,27380.740229507508,27104.333953472942,True,1.795716133865564e-05,1.6868967132961965e-16,0.3725005454731517,0.8313000739205341,0.25208974681864355,0.23398628633215154,25.547785102244916,18.76151274854754,0.000762579093511571,0.00041538568860526037,0.40747541689882116,0.21248292230495047,0.06048461743441839,0.08609262521530418,0.20613435475354946,0.24304482887957135,0.9087224023598544,0.8443115131318131,4.501527522498535,30.859331039544784,29.859331039544784,0.25,calibrated_country_scenario_analysis,-0.02176739720641195,0.10649609736197356,-0.0745107988676186,-0.05186055555726199,0.16861967408141354,0.5237349901770497,-0.05613932058225618,0.5385386288086113,0.44163358955705645,0.229076567465725,0.12551099913617725,-0.046343070413472826,-0.15538381601087065,-0.3474079729846009,0.5125465602896617,0.139535929759096
sensitivity,lhs_003,sampled,country_timeline,,2026-01-01,2055-12-25,2026,2055,770764017.1111301,3785144030.0082974,104717531.07257922,24743214.97705276,41282415.360897124,3785019811.728482,0.9999671826808093,0.997,0.999999168261789,1422584932.500002,9129465.000000011,30.0,8869.169410167577,245.3691367974593,9034.196774602064,15072.958952467667,57218.344100045586,709254260.5557171,68636815.22288166,2230080.9364198693,3108.0,10950.0,8,4.019178082191781,0.7963712844212587,0.20362871557874127,4.910898726428933,0.3609525321741474,0.2823429793658684,2.872640595047506e-05,0.010643197726499305,0.01447410451095488,0.3358065035307427,,True,China,CHN,2025,False,nearest_past_year,2024,measured_multicenter_isolate_fraction,https://www.sciencedirect.com/science/article/pii/S2666606525001658,Five sentinel hospitals in China during 2024; 393/394 isolates displayed high-level azithromycin resistance.,China,/home/lkg/pertussis_transmission_analysis/outputs/calibrations/China_calibrated_config.yaml,d93df260fbd23170a66df75f30c0a583e9f8ef0a202e596441d8c381761b05fc,True,accepted,27380.740229507508,27104.333953472942,True,1.795716133865564e-05,1.6868967132961965e-16,0.4262915875084805,0.6190223396604178,0.6710630487604354,0.1587275368678514,24.730768197009127,20.253342603307214,0.0006163093051673651,0.00044339981736872856,0.30283697289365147,0.23062980359981083,0.17574647112274538,0.054498126547579684,0.336821560985765,0.2948294847388003,0.957110384725402,1.4959130498418909,4.501527522498535,54.507972143035836,53.507972143035836,0.25,calibrated_country_scenario_analysis,-0.02176739720641195,0.10649609736197356,-0.0745107988676186,-0.05186055555726199,0.16861967408141354,0.5237349901770497,-0.05613932058225618,0.5385386288086113,0.44163358955705645,0.229076567465725,0.12551099913617725,-0.046343070413472826,-0.15538381601087065,-0.3474079729846009,0.5125465602896617,0.139535929759096
sensitivity,lhs_004,sampled,country_timeline,,2026-01-01,2055-12-25,2026,2055,805566407.4888971,3746822656.801078,70329998.19408253,31577523.982840367,50264138.47503542,3746803333.3189144,0.9999948427016879,0.997,0.9999981647937396,1422584932.500004,9129465.000000028,30.0,8779.37659163528,164.79390576815894,11529.527006909413,18352.349042371876,76920.59163150084,643679972.2240181,90230738.10264458,2997974.648053671,10066.0,10913.0,8,3.9397260273972607,0.7850001237644205,0.21499987623557956,4.6511654681339465,0.39593928620050567,0.3134750853079568,3.4943214548878786e-05,0.010709233133554158,0.01458435049423085,0.3706107593581718,,True,China,CHN,2025,False,nearest_past_year,2024,measured_multicenter_isolate_fraction,https://www.sciencedirect.com/science/article/pii/S2666606525001658,Five sentinel hospitals in China during 2024; 393/394 isolates displayed high-level azithromycin resistance.,China,/home/lkg/pertussis_transmission_analysis/outputs/calibrations/China_calibrated_config.yaml,d93df260fbd23170a66df75f30c0a583e9f8ef0a202e596441d8c381761b05fc,True,accepted,27380.740229507508,27104.333953472942,True,1.795716133865564e-05,1.6868967132961965e-16,0.4950456385319847,0.42230504709580297,0.4052861903919542,0.11613652772375399,16.082692916909608,19.906008954340884,0.0006071621780086925,0.0003968393993225405,0.47182159746712465,0.34014064763386637,0.0896363886943527,0.05730063881200613,0.29069594458049236,0.43463846294863057,1.1930768447345728,0.8815591541735432,4.501527522498535,36.60844123345301,35.60844123345301,0.25,calibrated_country_scenario_analysis,-0.02176739720641195,0.10649609736197356,-0.0745107988676186,-0.05186055555726199,0.16861967408141354,0.5237349901770497,-0.05613932058225618,0.5385386288086113,0.44163358955705645,0.229076567465725,0.12551099913617725,-0.046343070413472826,-0.15538381601087065,-0.3474079729846009,0.5125465602896617,0.139535929759096
sensitivity,lhs_005,sampled,country_timeline,,2026-01-01,2055-12-25,2026,2055,515229206.28835344,2462657975.5793242,66953411.88014221,16325768.030023662,25967889.053235695,2462599311.0285864,0.9999761783604059,0.997,0.9999961235364483,1422584932.4999986,9129464.99999999,30.0,5770.383005654221,156.8820493608555,5960.834152575819,9481.347502559285,36274.36482746218,355937077.09917396,21725117.722132467,1413790.8175220715,1673.0,10920.0,8,3.991780821917808,0.790783287245908,0.2092167127540921,4.779732875238194,0.3378317869859021,0.2857500174651292,2.0261030401998605e-05,0.013595794700699685,0.017657004889360298,0.30655872636544007,,True,China,CHN,2025,False,nearest_past_year,2024,measured_multicenter_isolate_fraction,https://www.sciencedirect.com/science/article/pii/S2666606525001658,Five sentinel hospitals in China during 2024; 393/394 isolates displayed high-level azithromycin resistance.,China,/home/lkg/pertussis_transmission_analysis/outputs/calibrations/China_calibrated_config.yaml,d93df260fbd23170a66df75f30c0a583e9f8ef0a202e596441d8c381761b05fc,True,accepted,27380.740229507508,27104.333953472942,True,1.795716133865564e-05,1.6868967132961965e-16,0.6787078944429897,0.5658607615862848,0.19380506281682158,0.4566019622584963,22.591625574721096,10.504646924778445,0.0006729458409978254,0.0002990994188051079,0.6567799343435503,0.2686827082991883,0.09497949423095191,0.050410321890540066,0.3250307388417044,0.17313004331741896,0.8972810311899497,1.435133916100261,4.501527522498535,34.85084753492286,33.85084753492286,0.25,calibrated_country_scenario_analysis,-0.02176739720641195,0.10649609736197356,-0.0745107988676186,-0.05186055555726199,0.16861967408141354,0.5237349901770497,-0.05613932058225618,0.5385386288086113,0.44163358955705645,0.229076567465725,0.12551099913617725,-0.046343070413472826,-0.15538381601087065,-0.3474079729846009,0.5125465602896617,0.139535929759096
sensitivity,lhs_006,sampled,country_timeline,,2026-01-01,2055-12-25,2026,2055,1014060.3101650798,4680009.083798372,83249.18725682057,18445.12308722492,30163.483917989277,4671616.318649684,0.9982066775943357,0.9970000000000001,0.9989926268447282,1422584932.500004,9129465.000000024,30.0,10.96597463036033,0.19506553494026113,6.7346491414428895,11.013235320284084,47.70373118178781,707785.5998031732,295.11000807315344,1859.2495672121083,9002.0,10950.0,8,4.002739726027398,0.7833208671163407,0.21667913288365923,4.615119078111349,0.3176995114374573,0.25939233838646014,1.6431211229786977e-05,0.016927075574425864,0.022727857752246658,0.2780281468995551,,True,China,CHN,2025,False,nearest_past_year,2024,measured_multicenter_isolate_fraction,https://www.sciencedirect.com/science/article/pii/S2666606525001658,Five sentinel hospitals in China during 2024; 393/394 isolates displayed high-level azithromycin resistance.,China,/home/lkg/pertussis_transmission_analysis/outputs/calibrations/China_calibrated_config.yaml,d93df260fbd23170a66df75f30c0a583e9f8ef0a202e596441d8c381761b05fc,True,accepted,27380.740229507508,27104.333953472942,True,1.795716133865564e-05,1.6868967132961965e-16,0.26961233700895765,0.4845110732311424,0.14460926983904088,0.06233845579073186,15.120057027490493,7.25095730460047,0.001087705574882412,0.00032978877196684485,0.31563232312336825,0.2839555232113729,0.1037718501635,0.08384470847396341,0.4712560937161576,0.1591803475842807,0.739973031484403,0.9236898204742525,4.501527522498535,0.04333318722707523,0.9566668127729248,0.25,calibrated_country_scenario_analysis,-0.02176739720641195,0.10649609736197356,-0.0745107988676186,-0.05186055555726199,0.16861967408141354,0.5237349901770497,-0.05613932058225618,0.5385386288086113,0.44163358955705645,0.229076567465725,0.12551099913617725,-0.046343070413472826,-0.15538381601087065,-0.3474079729846009,0.5125465602896617,0.139535929759096
sensitivity,lhs_007,sampled,country_timeline,,2026-01-01,2055-12-25,2026,2055,382133206.021706,1960033380.0422492,44009294.967902675,12154692.219873149,21277928.569490325,317531487.36517185,0.16200310188509512,0.997,0.0009328908601778444,1422584932.4999995,9129464.999999998,30.0,4592.656966118143,103.12048619494918,4437.898686605459,7768.957826659916,11268.40140721152,340176708.31513584,34493636.191667974,439185.15219892876,1680.0,10950.0,8,4.005479452054795,0.8050373988970182,0.19496260110298172,5.129188851310961,0.3850384969035561,0.3006647150672849,2.7773148369587903e-05,0.015078245459438725,0.020443263663112027,0.3494892146326358,,True,China,CHN,2025,False,nearest_past_year,2024,measured_multicenter_isolate_fraction,https://www.sciencedirect.com/science/article/pii/S2666606525001658,Five sentinel hospitals in China during 2024; 393/394 isolates displayed high-level azithromycin resistance.,China,/home/lkg/pertussis_transmission_analysis/outputs/calibrations/China_calibrated_config.yaml,d93df260fbd23170a66df75f30c0a583e9f8ef0a202e596441d8c381761b05fc,True,accepted,27380.740229507508,27104.333953472942,True,1.795716133865564e-05,1.6868967132961965e-16,0.3241107557302696,0.7990796649646794,0.3101027554975763,0.27777643808925107,19.89293171804446,17.25508552859685,0.00069465977078894,0.0002529433437045133,0.5095470136839505,0.08464295629263094,0.035977168008442036,0.07181864314229851,0.2567229097955502,0.39619278690863347,0.7188866458009406,1.2699120390588972,4.501527522498535,22.90788752918987,21.90788752918987,0.25,calibrated_country_scenario_analysis,-0.02176739720641195,0.10649609736197356,-0.0745107988676186,-0.05186055555726199,0.16861967408141354,0.5237349901770497,-0.05613932058225618,0.5385386288086113,0.44163358955705645,0.229076567465725,0.12551099913617725,-0.046343070413472826,-0.15538381601087065,-0.3474079729846009,0.5125465602896617,0.139535929759096
sensitivity,lhs_008,sampled,country_timeline,,2026-01-01,2055-12-25,2026,2055,698162056.1635686,3482417974.055332,76023772.38630618,22888658.310021646,38412849.5776926,3482389624.843853,0.9999918593311629,0.997,0.9999997021302722,1422584932.4999967,9129464.99999998,30.0,8159.836118268321,178.13528656997863,8357.064482975982,14025.228414331208,19223.083578613547,633581923.1407185,94808703.72692466,749218.3302773628,8624.0,10950.0,8,3.8630136986301373,0.7995180184099075,0.2004819815900926,4.9879794287179875,0.3552600523283329,0.27959555913981354,2.612126620330914e-05,0.010866111294184067,0.014673805415416446,0.32969401435252904,,True,China,CHN,2025,False,nearest_past_year,2024,measured_multicenter_isolate_fraction,https://www.sciencedirect.com/science/article/pii/S2666606525001658,Five sentinel hospitals in China during 2024; 393/394 isolates displayed high-level azithromycin resistance.,China,/home/lkg/pertussis_transmission_analysis/outputs/calibrations/China_calibrated_config.yaml,d93df260fbd23170a66df75f30c0a583e9f8ef0a202e596441d8c381761b05fc,True,accepted,27380.740229507508,27104.333953472942,True,1.795716133865564e-05,1.6868967132961965e-16,0.4619939314859506,0.6941113285015434,0.12117691955824932,0.3402416498069288,26.215119554968613,12.539809882515744,0.0005675172278590173,0.0004573200867698921,0.47500498430293314,0.31714052651633734,0.020586989207265212,0.0876258468583782,0.4902595008446545,0.3830508520563862,0.9287683090263341,1.2140577009976807,4.501527522498535,39.57218648106946,38.57218648106946,0.25,calibrated_country_scenario_analysis,-0.02176739720641195,0.10649609736197356,-0.0745107988676186,-0.05186055555726199,0.16861967408141354,0.5237349901770497,-0.05613932058225618,0.5385386288086113,0.44163358955705645,0.229076567465725,0.12551099913617725,-0.046343070413472826,-0.15538381601087065,-0.3474079729846009,0.5125465602896617,0.139535929759096
sensitivity,lhs_009,sampled,country_timeline,,2026-01-01,2055-12-25,2026,2055,821040991.8538754,4111661423.329357,55893441.219722204,44629969.94494363,73920584.17554067,4111643269.309563,0.9999955847483718,0.997,0.9999997936346695,1422584932.499999,9129464.99999999,30.0,9634.249431897828,130.96685229541293,16295.211875301082,26989.746633762497,26794.3854242744,614385566.3069593,4821255.085078492,1044309.2871279549,2772.0,10950.0,8,3.857534246575343,0.8003140562120872,0.19968594378791277,5.007863753605531,0.4423026891694317,0.3390199675382248,4.371523050033508e-05,0.010938792624933632,0.01494078930839151,0.4163793920056063,,True,China,CHN,2025,False,nearest_past_year,2024,measured_multicenter_isolate_fraction,https://www.sciencedirect.com/science/article/pii/S2666606525001658,Five sentinel hospitals in China during 2024; 393/394 isolates displayed high-level azithromycin resistance.,China,/home/lkg/pertussis_transmission_analysis/outputs/calibrations/China_calibrated_config.yaml,d93df260fbd23170a66df75f30c0a583e9f8ef0a202e596441d8c381761b05fc,True,accepted,27380.740229507508,27104.333953472942,True,1.795716133865564e-05,1.6868967132961965e-16,0.5293113077462347,0.6508463315304478,0.09179529184366061,0.3646089032247137,23.24890817419483,16.643760360512502,0.0002565569439789548,0.00037166646456303495,0.590145300580443,0.3097611474660262,0.0491272634189204,0.04002529231439821,0.2220929413140189,0.034176151594268005,1.2175413237591357,0.6657946856617678,4.501527522498535,29.09386905685759,28.09386905685759,0.25,calibrated_country_scenario_analysis,-0.02176739720641195,0.10649609736197356,-0.0745107988676186,-0.05186055555726199,0.16861967408141354,0.5237349901770497,-0.05613932058225618,0.5385386288086113,0.44163358955705645,0.229076567465725,0.12551099913617725,-0.046343070413472826,-0.15538381601087065,-0.3474079729846009,0.5125465602896617,0.139535929759096
sensitivity,lhs_010,sampled,country_timeline,,2026-01-01,2055-12-25,2026,2055,591831215.8400042,3000390890.6682863,57878689.7262487,19783476.893287793,33186637.18280498,3000379104.8551407,0.9999960719074363,0.997,0.9999870299105561,1422584932.4999976,9129464.999999981,30.0,7030.373189260743,135.61859214628132,7223.3064015937525,12117.043434931125,31604.735215304176,489904732.94975424,21868211.388513584,1231792.3318614736,1596.0,10822.0,8,3.9013698630136986,0.8027486292933703,0.19725137070662943,5.069673262181245,0.3536031625593901,0.28424977539377044,2.4523236984792283e-05,0.012783337304179567,0.016977124352750287,0.32381817766547555,,True,China,CHN,2025,False,nearest_past_year,2024,measured_multicenter_isolate_fraction,https://www.sciencedirect.com/science/article/pii/S2666606525001658,Five sentinel hospitals in China during 2024; 393/394 isolates displayed high-level azithromycin resistance.,China,/home/lkg/pertussis_transmission_analysis/outputs/calibrations/China_calibrated_config.yaml,d93df260fbd23170a66df75f30c0a583e9f8ef0a202e596441d8c381761b05fc,True,accepted,27380.740229507508,27104.333953472942,True,1.795716133865564e-05,1.6868967132961965e-16,0.5823452629241378,0.7816721134818125,0.2953275291421259,0.06416824101853116,18.218772826097926,16.38639339297883,0.0005213648356255322,0.0003479915241779682,0.34510646107768567,0.06744024726247172,0.16103490412086813,0.06075526770792468,0.17315085649824713,0.28168711451201806,1.072092033974929,1.1013395525895056,4.501527522498535,30.127238247120022,29.127238247120022,0.25,calibrated_country_scenario_analysis,-0.02176739720641195,0.10649609736197356,-0.0745107988676186,-0.05186055555726199,0.16861967408141354,0.5237349901770497,-0.05613932058225618,0.5385386288086113,0.44163358955705645,0.229076567465725,0.12551099913617725,-0.046343070413472826,-0.15538381601087065,-0.3474079729846009,0.5125465602896617,0.139535929759096
sensitivity,lhs_011,sampled,country_timeline,,2026-01-01,2055-12-25,2026,2055,119841918.45971462,602815662.9157779,7824716.814841183,2945006.6452324227,5014160.770912004,602811840.3585781,0.9999936588290003,0.9969999999999999,0.9999977206196937,1422584932.5000005,9129465.000000002,30.0,1412.4889819558048,18.33450417400926,1075.2753658008883,1830.7610836312251,4465.921433392527,60384803.01580037,879526.3739798439,174058.97372254834,2037.0,10950.0,8,3.8630136986301373,0.8011964090646758,0.19880359093532424,5.030090227722924,0.32174072285348954,0.2719865095528182,1.698574776602063e-05,0.01762723543668816,0.022687153431287358,0.28140934823774805,,True,China,CHN,2025,False,nearest_past_year,2024,measured_multicenter_isolate_fraction,https://www.sciencedirect.com/science/article/pii/S2666606525001658,Five sentinel hospitals in China during 2024; 393/394 isolates displayed high-level azithromycin resistance.,China,/home/lkg/pertussis_transmission_analysis/outputs/calibrations/China_calibrated_config.yaml,d93df260fbd23170a66df75f30c0a583e9f8ef0a202e596441d8c381761b05fc,True,accepted,27380.740229507508,27104.333953472942,True,1.795716133865564e-05,1.6868967132961965e-16,0.5551270586487158,0.8818611599395882,0.5932384958878748,0.021258015943415958,17.086306680372847,7.660588943665002,0.0009845659417772852,0.00011233973506216295,0.45503029132687245,0.10139508592563523,0.033662599628835284,0.03247002807489875,0.18696721196791555,0.1253187886907105,0.9897752339749348,0.7618786152588783,4.501527522498535,4.07295169970056,3.0729516997005604,0.25,calibrated_country_scenario_analysis,-0.02176739720641195,0.10649609736197356,-0.0745107988676186,-0.05186055555726199,0.16861967408141354,0.5237349901770497,-0.05613932058225618,0.5385386288086113,0.44163358955705645,0.229076567465725,0.12551099913617725,-0.046343070413472826,-0.15538381601087065,-0.3474079729846009,0.5125465602896617,0.139535929759096
sensitivity,lhs_012,sampled,country_timeline,,2026-01-01,2055-12-25,2026,2055,497135094.0424646,2775026954.2852125,28979312.58300609,20643662.33302209,38920095.95376921,2774954506.476911,0.9999738929352777,0.997,0.9999986710021672,1422584932.4999995,9129464.999999994,30.0,6502.311135379173,67.90294653287448,7537.3757144301835,14210.43327064957,18687.983347175657,430213278.5662668,82316606.98969303,728362.8363973425,154.0,10950.0,8,4.002739726027398,0.8208539584544268,0.17914604154557337,5.5820379360467625,0.43935359489865533,0.31736684798031384,4.2479370852199804e-05,0.014442406597110264,0.020042818969122564,0.4048258899615702,,True,China,CHN,2025,False,nearest_past_year,2024,measured_multicenter_isolate_fraction,https://www.sciencedirect.com/science/article/pii/S2666606525001658,Five sentinel hospitals in China during 2024; 393/394 isolates displayed high-level azithromycin resistance.,China,/home/lkg/pertussis_transmission_analysis/outputs/calibrations/China_calibrated_config.yaml,d93df260fbd23170a66df75f30c0a583e9f8ef0a202e596441d8c381761b05fc,True,accepted,27380.740229507508,27104.333953472942,True,1.795716133865564e-05,1.6868967132961965e-16,0.14824264155178007,0.931451825614618,0.7367087840822686,0.33294255959673286,22.85016802255686,18.32552345640024,0.0003668370789840533,0.00027055695355538307,0.5513281403877945,0.08008434843213194,0.10566557855662533,0.04725296280043728,0.5852042213272177,0.3488556124083697,1.0503510808341132,0.6325981225512117,4.501527522498535,15.084423274876595,14.084423274876595,0.25,calibrated_country_scenario_analysis,-0.02176739720641195,0.10649609736197356,-0.0745107988676186,-0.05186055555726199,0.16861967408141354,0.5237349901770497,-0.05613932058225618,0.5385386288086113,0.44163358955705645,0.229076567465725,0.12551099913617725,-0.046343070413472826,-0.15538381601087065,-0.3474079729846009,0.5125465602896617,0.139535929759096
sensitivity,lhs_013,sampled,country_timeline,,2026-01-01,2055-12-25,2026,2055,411480021.6441238,2007237023.4909904,46706962.85058071,12494900.056453098,21402168.864233073,2007176198.3169065,0.9999696970644861,0.997,0.9999975937293285,1422584932.4999964,9129464.99999998,30.0,4703.262297699978,109.44153323415209,4562.114741098602,7814.32021271532,26162.284316258334,348394931.1717774,77196596.5824174,1019673.1909065776,1673.0,10950.0,8,4.000000000000001,0.7950017776533053,0.20499822234669474,4.878091080754795,0.39894985847028996,0.29881044315342425,3.181314158290771e-05,0.01513089584688851,0.020987741350498804,0.3627994081313197,,True,China,CHN,2025,False,nearest_past_year,2024,measured_multicenter_isolate_fraction,https://www.sciencedirect.com/science/article/pii/S2666606525001658,Five sentinel hospitals in China during 2024; 393/394 isolates displayed high-level azithromycin resistance.,China,/home/lkg/pertussis_transmission_analysis/outputs/calibrations/China_calibrated_config.yaml,d93df260fbd23170a66df75f30c0a583e9f8ef0a202e596441d8c381761b05fc,True,accepted,27380.740229507508,27104.333953472942,True,1.795716133865564e-05,1.6868967132961965e-16,0.10319053711317269,0.5901346956655548,0.7136975544443565,0.29830926515330075,17.397479307142422,17.03348675505862,0.0006609648194206535,0.00024934061417657485,0.4393735400168016,0.274802887359021,0.16477510776657464,0.07712259222026288,0.5448203217480904,0.45367390498187904,0.9637252622859538,1.2012108890736215,4.501527522498535,24.312087993945546,23.312087993945546,0.25,calibrated_country_scenario_analysis,-0.02176739720641195,0.10649609736197356,-0.0745107988676186,-0.05186055555726199,0.16861967408141354,0.5237349901770497,-0.05613932058225618,0.5385386288086113,0.44163358955705645,0.229076567465725,0.12551099913617725,-0.046343070413472826,-0.15538381601087065,-0.3474079729846009,0.5125465602896617,0.139535929759096
sensitivity,lhs_014,sampled,country_timeline,,2026-01-01,2055-12-25,2026,2055,235864799.6089013,1279415961.8012397,11725315.036229216,7338150.398602189,13604744.073834099,1279279259.5109255,0.9998931525833695,0.997,0.9999972681263434,1422584932.4999936,9129464.999999957,30.0,2997.8666125586974,27.474200352601837,2679.291867450511,4967.338930899077,29712.17413739981,199555858.62690052,8809953.789848402,1158029.8969775606,224.0,10950.0,8,4.008219178082192,0.8156465085234387,0.18435349147656127,5.424361600046724,0.4114034444073004,0.29508013106915737,3.075441797821954e-05,0.020140374773342146,0.027638108349420334,0.36359420686655974,,True,China,CHN,2025,False,nearest_past_year,2024,measured_multicenter_isolate_fraction,https://www.sciencedirect.com/science/article/pii/S2666606525001658,Five sentinel hospitals in China during 2024; 393/394 isolates displayed high-level azithromycin resistance.,China,/home/lkg/pertussis_transmission_analysis/outputs/calibrations/China_calibrated_config.yaml,d93df260fbd23170a66df75f30c0a583e9f8ef0a202e596441d8c381761b05fc,True,accepted,27380.740229507508,27104.333953472942,True,1.795716133865564e-05,1.6868967132961965e-16,0.17173128665740242,0.9053423166543902,0.5817373002680825,0.00829103063100176,26.608361722637234,17.823615333027107,0.00042018788019569913,0.00015476954612504582,0.2540360263119878,0.19867832948931802,0.17189267617975837,0.03518468160911557,0.2701511536241943,0.18906892588866442,0.8194435241415533,0.5579812587134805,4.501527522498535,6.1033060922734315,5.1033060922734315,0.25,calibrated_country_scenario_analysis,-0.02176739720641195,0.10649609736197356,-0.0745107988676186,-0.05186055555726199,0.16861967408141354,0.5237349901770497,-0.05613932058225618,0.5385386288086113,0.44163358955705645,0.229076567465725,0.12551099913617725,-0.046343070413472826,-0.15538381601087065,-0.3474079729846009,0.5125465602896617,0.139535929759096
sensitivity,lhs_015,sampled,country_timeline,,2026-01-01,2055-12-25,2026,2055,1018414716.2429461,5036022619.457715,81786041.95301872,49007506.47607894,84120365.43655132,5035965785.860876,0.9999887145866623,0.997,0.9999997671522542,1422584932.4999995,9129464.999999993,30.0,11800.168609517488,191.63716247458277,17893.529896906697,30713.87185578103,20743.5775021802,667092952.5228276,3463046.553956285,808479.473993083,1295.0,10950.0,8,3.8547945205479457,0.7977739988084863,0.20222600119151377,4.944962537497696,0.4505081293745039,0.329448936851071,5.416546028488686e-05,0.009135301904891004,0.012728598360292982,0.4285900636490351,,True,China,CHN,2025,False,nearest_past_year,2024,measured_multicenter_isolate_fraction,https://www.sciencedirect.com/science/article/pii/S2666606525001658,Five sentinel hospitals in China during 2024; 393/394 isolates displayed high-level azithromycin resistance.,China,/home/lkg/pertussis_transmission_analysis/outputs/calibrations/China_calibrated_config.yaml,d93df260fbd23170a66df75f30c0a583e9f8ef0a202e596441d8c381761b05fc,True,accepted,27380.740229507508,27104.333953472942,True,1.795716133865564e-05,1.6868967132961965e-16,0.12509985520406727,0.5787017030623223,0.19829693928115605,0.21536512162822,19.54492061669816,13.445352010295657,0.00037890082828309537,0.00047662054660101524,0.7127712769715461,0.0721806412103829,0.0645331611212261,0.03863555917798153,0.15578625383687722,0.0277795151768996,1.0870439429534113,0.7894708615518695,4.501527522498535,42.571585204529896,41.571585204529896,0.25,calibrated_country_scenario_analysis,-0.02176739720641195,0.10649609736197356,-0.0745107988676186,-0.05186055555726199,0.16861967408141354,0.5237349901770497,-0.05613932058225618,0.5385386288086113,0.44163358955705645,0.229076567465725,0.12551099913617725,-0.046343070413472826,-0.15538381601087065,-0.3474079729846009,0.5125465602896617,0.139535929759096
sensitivity,lhs_016,sampled,country_timeline,,2026-01-01,2055-12-25,2026,2055,180703399.75175795,916743266.7842252,7647530.196089403,3706042.994787314,6416375.701371826,916628766.459731,0.9998751009921285,0.997,0.999922942625824,1422584932.4999986,9129464.999999989,30.0,2148.0692080089593,17.91932891873086,1353.1435466690614,2342.7351991132864,35550.022735312676,147335099.04359365,5155619.145360234,1385559.6354325532,4599.0,9478.0,4,8.010045662100458,0.8028854900831356,0.19711450991686452,5.073193243976622,0.3053846902148784,0.21917367639447707,1.7709892151827054e-05,0.01916754996426903,0.02521657099800615,0.2609828593604514,,True,China,CHN,2025,False,nearest_past_year,2024,measured_multicenter_isolate_fraction,https://www.sciencedirect.com/science/article/pii/S2666606525001658,Five sentinel hospitals in China during 2024; 393/394 isolates displayed high-level azithromycin resistance.,China,/home/lkg/pertussis_transmission_analysis/outputs/calibrations/China_calibrated_config.yaml,d93df260fbd23170a66df75f30c0a583e9f8ef0a202e596441d8c381761b05fc,True,accepted,27380.740229507508,27104.333953472942,True,1.795716133865564e-05,1.6868967132961965e-16,0.35580819235177497,0.7651085986243142,0.6504606699534368,0.2526940929411598,15.55916662922835,13.843065469256903,0.0002912995958266792,0.00023930161270207205,0.28785249979672783,0.17757480941856996,0.13657142291118965,0.08440995738288472,0.1371041706907691,0.32029651175753765,0.8798992820893958,0.5268309767368585,4.501527522498535,3.9807218392357813,2.9807218392357813,0.25,calibrated_country_scenario_analysis,-0.02176739720641195,0.10649609736197356,-0.0745107988676186,-0.05186055555726199,0.16861967408141354,0.5237349901770497,-0.05613932058225618,0.5385386288086113,0.44163358955705645,0.229076567465725,0.12551099913617725,-0.046343070413472826,-0.15538381601087065,-0.3474079729846009,0.5125465602896617,0.139535929759096
sensitivity,lhs_017,sampled,country_timeline,,2026-01-01,2055-12-25,2026,2055,499111437.2561455,2370376608.285449,57968122.203989334,31460151.83930601,52778863.7001348,2370332635.619745,0.999981449080475,0.9969999999999999,0.9999897862103495,1422584932.4999988,9129464.999999989,30.0,5554.153696163588,135.82814607330866,11486.672307488647,19270.52085386342,45771.64943459791,389396724.8688454,42114692.925049186,1783946.8170227692,1659.0,10836.0,8,4.002739726027398,0.7894379165270431,0.21056208347295702,4.749193128726009,0.5507856615859666,0.40657256502676464,7.08844898369807e-05,0.01892875479025369,0.026225895195033093,0.5055601271108429,,True,China,CHN,2025,False,nearest_past_year,2024,measured_multicenter_isolate_fraction,https://www.sciencedirect.com/science/article/pii/S2666606525001658,Five sentinel hospitals in China during 2024; 393/394 isolates displayed high-level azithromycin resistance.,China,/home/lkg/pertussis_transmission_analysis/outputs/calibrations/China_calibrated_config.yaml,d93df260fbd23170a66df75f30c0a583e9f8ef0a202e596441d8c381761b05fc,True,accepted,27380.740229507508,27104.333953472942,True,1.795716133865564e-05,1.6868967132961965e-16,0.23207321371917963,0.5323844369229946,0.051115860342771054,0.1697813522399787,17.773898826315563,19.284391207967854,0.00047910222494035304,0.0001688328499836676,0.7612233747168743,0.2795982624249363,0.0784007002443363,0.05099280296560274,0.4444786491426603,0.21491312584977573,1.114252533906891,0.961611325529584,4.501527522498535,30.173789984498057,29.173789984498057,0.25,calibrated_country_scenario_analysis,-0.02176739720641195,0.10649609736197356,-0.0745107988676186,-0.05186055555726199,0.16861967408141354,0.5237349901770497,-0.05613932058225618,0.5385386288086113,0.44163358955705645,0.229076567465725,0.12551099913617725,-0.046343070413472826,-0.15538381601087065,-0.3474079729846009,0.5125465602896617,0.139535929759096
sensitivity,lhs_018,sampled,country_timeline,,2026-01-01,2055-12-25,2026,2055,757416040.03016,3601011439.014784,78645953.07160525,21998577.20597239,34873262.49091792,3600986991.0164175,0.9999932107968051,0.997,0.9999121114325447,1422584932.4999983,9129464.99999999,30.0,8437.718683191964,184.2794555996404,8032.079720616127,12732.860940160223,79379.08690672842,561515166.0029941,2694903.672790185,3093794.328469034,1659.0,10493.0,8,3.857534246575342,0.7896657500656583,0.21033424993434197,4.7543374429611935,0.3228454079885893,0.2660004604110531,2.031013595296923e-05,0.010880689290145457,0.01437678080291958,0.2975676277595713,,True,China,CHN,2025,False,nearest_past_year,2024,measured_multicenter_isolate_fraction,https://www.sciencedirect.com/science/article/pii/S2666606525001658,Five sentinel hospitals in China during 2024; 393/394 isolates displayed high-level azithromycin resistance.,China,/home/lkg/pertussis_transmission_analysis/outputs/calibrations/China_calibrated_config.yaml,d93df260fbd23170a66df75f30c0a583e9f8ef0a202e596441d8c381761b05fc,True,accepted,27380.740229507508,27104.333953472942,True,1.795716133865564e-05,1.6868967132961965e-16,0.6574460867252668,0.5103485572415715,0.15595530792082368,0.012584604956450475,14.576830551731103,11.687800570374616,0.0005808414087291596,0.0004704980342524069,0.5865901023498358,0.29133236872108237,0.12758216873650655,0.07886804028901458,0.4347333504879067,0.01054387112205593,0.9466854837262736,1.172626334573581,4.501527522498535,40.9370940594311,39.9370940594311,0.25,calibrated_country_scenario_analysis,-0.02176739720641195,0.10649609736197356,-0.0745107988676186,-0.05186055555726199,0.16861967408141354,0.5237349901770497,-0.05613932058225618,0.5385386288086113,0.44163358955705645,0.229076567465725,0.12551099913617725,-0.046343070413472826,-0.15538381601087065,-0.3474079729846009,0.5125465602896617,0.139535929759096
sensitivity,lhs_019,sampled,country_timeline,,2026-01-01,2055-12-25,2026,2055,205904927.64399204,994999377.6390656,11374734.590004902,5178725.955592216,8610841.42870119,994996767.0092367,0.9999973762497871,0.997,0.9999989092393541,1422584932.4999976,9129464.999999985,30.0,2331.4352038733014,26.65273693012566,1890.8468187318845,3143.97445659054,10850.082043127028,138203463.26329178,3608621.5823527677,422881.1844093506,1687.0,10950.0,8,3.8575342465753417,0.7930602447887322,0.20693975521126778,4.832324262581086,0.35617820200756634,0.26061762824094564,2.2302906689687906e-05,0.019200623353405572,0.025717461896595198,0.3112378138508759,,True,China,CHN,2025,False,nearest_past_year,2024,measured_multicenter_isolate_fraction,https://www.sciencedirect.com/science/article/pii/S2666606525001658,Five sentinel hospitals in China during 2024; 393/394 isolates displayed high-level azithromycin resistance.,China,/home/lkg/pertussis_transmission_analysis/outputs/calibrations/China_calibrated_config.yaml,d93df260fbd23170a66df75f30c0a583e9f8ef0a202e596441d8c381761b05fc,True,accepted,27380.740229507508,27104.333953472942,True,1.795716133865564e-05,1.6868967132961965e-16,0.2924809596919947,0.5578265083834467,0.3815466345565263,0.46865244561516245,16.502644973349994,10.890867860403155,0.00039020928608496174,0.00017692232974879092,0.27630387640656706,0.11320651473103487,0.04600446932823812,0.06368258380976988,0.09955380626522983,0.40819866910759983,1.101844691826995,0.6180486387034243,4.501527522498535,5.9208206096521385,4.9208206096521385,0.25,calibrated_country_scenario_analysis,-0.02176739720641195,0.10649609736197356,-0.0745107988676186,-0.05186055555726199,0.16861967408141354,0.5237349901770497,-0.05613932058225618,0.5385386288086113,0.44163358955705645,0.229076567465725,0.12551099913617725,-0.046343070413472826,-0.15538381601087065,-0.3474079729846009,0.5125465602896617,0.139535929759096
sensitivity,lhs_020,sampled,country_timeline,,2026-01-01,2055-12-25,2026,2055,270924239.72769594,1437482754.8614454,34002426.505798146,11732546.534023276,20477254.231113277,1437458021.487992,0.9999827939685748,0.997,0.9999991932406068,1422584932.5,9129464.999999998,30.0,3368.2412019160656,79.67286809850549,4283.765636512574,7476.617096808076,7123.037049276435,251125272.21056017,34784655.45006209,277619.8679435593,1666.0,10950.0,8,4.002739726027397,0.8115287026495082,0.18847129735049203,5.305847702317996,0.4422161215263103,0.3254138792642534,3.397803592132341e-05,0.02213701020261214,0.02956371328736123,0.39048142000041564,,True,China,CHN,2025,False,nearest_past_year,2024,measured_multicenter_isolate_fraction,https://www.sciencedirect.com/science/article/pii/S2666606525001658,Five sentinel hospitals in China during 2024; 393/394 isolates displayed high-level azithromycin resistance.,China,/home/lkg/pertussis_transmission_analysis/outputs/calibrations/China_calibrated_config.yaml,d93df260fbd23170a66df75f30c0a583e9f8ef0a202e596441d8c381761b05fc,True,accepted,27380.740229507508,27104.333953472942,True,1.795716133865564e-05,1.6868967132961965e-16,0.4183742832127433,0.8553176260764734,0.2320329483370649,0.28312652094908786,25.083995027127763,15.32323091024894,0.0003208263886911783,0.0001383261348907946,0.4950669764040474,0.12463037223393297,0.05899815999328841,0.0739726987676424,0.5328355387435123,0.47474959667101696,1.0115363825482586,1.2848368123915779,4.501527522498535,17.69907385888507,16.69907385888507,0.25,calibrated_country_scenario_analysis,-0.02176739720641195,0.10649609736197356,-0.0745107988676186,-0.05186055555726199,0.16861967408141354,0.5237349901770497,-0.05613932058225618,0.5385386288086113,0.44163358955705645,0.229076567465725,0.12551099913617725,-0.046343070413472826,-0.15538381601087065,-0.3474079729846009,0.5125465602896617,0.139535929759096
sensitivity,lhs_021,sampled,country_timeline,,2026-01-01,2055-12-25,2026,2055,564538688.0632664,2903520241.9338474,51404064.10202696,20726681.288386125,35202565.83864367,2903461621.698822,0.9999798106332517,0.997,0.9999918729696082,1422584932.4999986,9129464.99999999,30.0,6803.390493836943,120.44755741857266,7567.687441482478,12853.095567901553,44879.41401119274,525754729.71723324,20645421.415569175,1749172.004157592,1659.0,10864.0,8,3.980821917808219,0.8055675039181874,0.19443249608181262,5.14317318427689,0.3712661730555693,0.3166284521311653,2.5622418114374432e-05,0.012954021727517216,0.01718291489485241,0.34110361401508527,,True,China,CHN,2025,False,nearest_past_year,2024,measured_multicenter_isolate_fraction,https://www.sciencedirect.com/science/article/pii/S2666606525001658,Five sentinel hospitals in China during 2024; 393/394 isolates displayed high-level azithromycin resistance.,China,/home/lkg/pertussis_transmission_analysis/outputs/calibrations/China_calibrated_config.yaml,d93df260fbd23170a66df75f30c0a583e9f8ef0a202e596441d8c381761b05fc,True,accepted,27380.740229507508,27104.333953472942,True,1.795716133865564e-05,1.6868967132961965e-16,0.6286336705429239,0.9012271038956347,0.3667091785310544,0.07339810426698172,22.2282571898716,15.992275312409165,0.0009537482057380637,0.0003031586450033768,0.5656730735113749,0.24818938594583323,0.13232447666577343,0.07669841400640169,0.5042484773857278,0.09733342264267164,0.8701759374431163,0.9957299780952458,4.501527522498535,26.75704120802959,25.75704120802959,0.25,calibrated_country_scenario_analysis,-0.02176739720641195,0.10649609736197356,-0.0745107988676186,-0.05186055555726199,0.16861967408141354,0.5237349901770497,-0.05613932058225618,0.5385386288086113,0.44163358955705645,0.229076567465725,0.12551099913617725,-0.046343070413472826,-0.15538381601087065,-0.3474079729846009,0.5125465602896617,0.139535929759096
sensitivity,lhs_022,sampled,country_timeline,,2026-01-01,2055-12-25,2026,2055,814777970.704459,4159947157.4004335,93152039.43006547,28920791.468223467,51198060.36473225,4159926773.357334,0.9999950999273962,0.997,0.9999998575995309,1422584932.4999998,9129464.999999998,30.0,9747.390266744664,218.26942701729922,10559.50575717324,18693.3408710997,16196.923754146559,616422789.8172182,35339565.63518762,631273.9639863076,8624.0,10950.0,8,3.86027397260274,0.8041374229345701,0.19586257706543,5.105620557958549,0.3897812664820592,0.3096302165092943,3.5270362946241176e-05,0.00963033164122091,0.013304735163173827,0.36681092931471826,,True,China,CHN,2025,False,nearest_past_year,2024,measured_multicenter_isolate_fraction,https://www.sciencedirect.com/science/article/pii/S2666606525001658,Five sentinel hospitals in China during 2024; 393/394 isolates displayed high-level azithromycin resistance.,China,/home/lkg/pertussis_transmission_analysis/outputs/calibrations/China_calibrated_config.yaml,d93df260fbd23170a66df75f30c0a583e9f8ef0a202e596441d8c381761b05fc,True,accepted,27380.740229507508,27104.333953472942,True,1.795716133865564e-05,1.6868967132961965e-16,0.22089372556309017,0.7669315009867801,0.6419068993577199,0.3800220223567778,21.89189203331567,11.455098734254925,0.0010446923024832783,0.000485235258861518,0.4209830719383736,0.1649353915474005,0.004990396965578602,0.05936677421236233,0.2137555730361857,0.28120490905291057,1.2385701521069437,1.2406351804150875,4.501527522498535,48.487857938531626,47.487857938531626,0.25,calibrated_country_scenario_analysis,-0.02176739720641195,0.10649609736197356,-0.0745107988676186,-0.05186055555726199,0.16861967408141354,0.5237349901770497,-0.05613932058225618,0.5385386288086113,0.44163358955705645,0.229076567465725,0.12551099913617725,-0.046343070413472826,-0.15538381601087065,-0.3474079729846009,0.5125465602896617,0.139535929759096
sensitivity,lhs_023,sampled,country_timeline,,2026-01-01,2055-12-25,2026,2055,532950642.826141,2712433958.613089,32833837.221557263,16727553.89474922,29357942.817188367,2712004377.985382,0.9998416254057199,0.997,0.9999946606049926,1422584932.5,9129464.999996757,30.0,6355.646205827009,76.93468528414738,6107.533462532274,10719.117647163623,34412.92029854017,495974023.37554073,89899245.31655267,1341241.1479459356,210.0,10950.0,8,4.002739726027398,0.8035157165269207,0.19648428347307936,5.0894655914655464,0.3818909393101335,0.29041906603825784,3.0359551345411473e-05,0.01307251696653803,0.017943217781221172,0.35084484501102886,,True,China,CHN,2025,False,nearest_past_year,2024,measured_multicenter_isolate_fraction,https://www.sciencedirect.com/science/article/pii/S2666606525001658,Five sentinel hospitals in China during 2024; 393/394 isolates displayed high-level azithromycin resistance.,China,/home/lkg/pertussis_transmission_analysis/outputs/calibrations/China_calibrated_config.yaml,d93df260fbd23170a66df75f30c0a583e9f8ef0a202e596441d8c381761b05fc,True,accepted,27380.740229507508,27104.333953472942,True,1.795716133865564e-05,1.6868967132961965e-16,0.24892927102153473,0.746372175212908,0.43696392182923455,0.08360006954116816,23.486121113489816,14.8343589765405,0.0006468695161345988,0.0003384912386490627,0.610735735749335,0.2546898969297572,0.1488384199284844,0.08059681020855551,0.5554656143298771,0.3715570664540128,0.7328014526516703,0.6787521933960261,4.501527522498535,17.090795268856965,16.090795268856965,0.25,calibrated_country_scenario_analysis,-0.02176739720641195,0.10649609736197356,-0.0745107988676186,-0.05186055555726199,0.16861967408141354,0.5237349901770497,-0.05613932058225618,0.5385386288086113,0.44163358955705645,0.229076567465725,0.12551099913617725,-0.046343070413472826,-0.15538381601087065,-0.3474079729846009,0.5125465602896617,0.139535929759096
sensitivity,lhs_024,sampled,country_timeline,,2026-01-01,2055-12-25,2026,2055,228231447.92736867,1173677970.5537615,26095471.052432157,5521371.931824286,9574514.42626987,1173659399.8618588,0.9999841773532702,0.997,0.9999992710636898,1422584932.500001,9129465.000000006,30.0,2750.1063820285253,61.14566625926718,2015.9530822541012,3495.828954661222,4109.602763963652,191103307.2806007,10648533.073760275,160171.4786458918,10451.0,10950.0,8,4.002739726027397,0.8055416786772566,0.19445832132274335,5.142490139778053,0.31597991262351816,0.24505380220167303,1.857063169803612e-05,0.01628231165246629,0.021316998316126143,0.27836203202322773,,True,China,CHN,2025,False,nearest_past_year,2024,measured_multicenter_isolate_fraction,https://www.sciencedirect.com/science/article/pii/S2666606525001658,Five sentinel hospitals in China during 2024; 393/394 isolates displayed high-level azithromycin resistance.,China,/home/lkg/pertussis_transmission_analysis/outputs/calibrations/China_calibrated_config.yaml,d93df260fbd23170a66df75f30c0a583e9f8ef0a202e596441d8c381761b05fc,True,accepted,27380.740229507508,27104.333953472942,True,1.795716133865564e-05,1.6868967132961965e-16,0.44475946105963937,0.8616494060615005,0.27194803145820645,0.31667183620931477,26.954847203236866,10.440696321449373,0.0004959010381897232,0.0002598475977424946,0.2635602331800929,0.12887272455392235,0.015474091859417893,0.0690238286904725,0.36119996157650447,0.34134187047397546,0.8078525372509198,1.3951500148770366,4.501527522498535,13.583314986671189,12.583314986671189,0.25,calibrated_country_scenario_analysis,-0.02176739720641195,0.10649609736197356,-0.0745107988676186,-0.05186055555726199,0.16861967408141354,0.5237349901770497,-0.05613932058225618,0.5385386288086113,0.44163358955705645,0.229076567465725,0.12551099913617725,-0.046343070413472826,-0.15538381601087065,-0.3474079729846009,0.5125465602896617,0.139535929759096
sensitivity,lhs_025,sampled,country_timeline,,2026-01-01,2055-12-25,2026,2055,911628010.9007573,4594006033.021378,87693407.84196776,33440316.06864778,57858008.976109125,4593900261.510338,0.9999769761923951,0.997,0.9999454446729694,1422584932.4999995,9129465.000000477,30.0,10764.456373436667,205.47902117838998,12209.66619936876,21125.008959490362,96774.30187832328,476975671.3055484,45122991.26035566,3771771.6083646333,168.0,10647.0,8,4.000000000000001,0.8015614249637368,0.19843857503626294,5.039342778072553,0.3947904053815417,0.31092941288446696,3.86788636462438e-05,0.009917534153112768,0.013643859184844457,0.37119033317993827,,True,China,CHN,2025,False,nearest_past_year,2024,measured_multicenter_isolate_fraction,https://www.sciencedirect.com/science/article/pii/S2666606525001658,Five sentinel hospitals in China during 2024; 393/394 isolates displayed high-level azithromycin resistance.,China,/home/lkg/pertussis_transmission_analysis/outputs/calibrations/China_calibrated_config.yaml,d93df260fbd23170a66df75f30c0a583e9f8ef0a202e596441d8c381761b05fc,True,accepted,27380.740229507508,27104.333953472942,True,1.795716133865564e-05,1.6868967132961965e-16,0.37637498590661866,0.7095186448002101,0.6099956820421355,0.3568787062970625,24.386800853990227,11.140213556088248,0.000814254973992222,0.0004330812670650339,0.672093757990478,0.09017796954847132,0.17992590827321367,0.020870781495091428,0.2532649580102926,0.20181264595762471,1.1400784525749752,1.0261947876985213,4.501527522498535,45.64651002385531,44.64651002385531,0.25,calibrated_country_scenario_analysis,-0.02176739720641195,0.10649609736197356,-0.0745107988676186,-0.05186055555726199,0.16861967408141354,0.5237349901770497,-0.05613932058225618,0.5385386288086113,0.44163358955705645,0.229076567465725,0.12551099913617725,-0.046343070413472826,-0.15538381601087065,-0.3474079729846009,0.5125465602896617,0.139535929759096
sensitivity,lhs_026,sampled,country_timeline,,2026-01-01,2055-12-25,2026,2055,418889333.33601135,1954432834.7898893,64787574.61188977,21057451.13814854,34924928.02444336,1954414753.2455904,0.9999907484442663,0.9970000000000001,0.9999447896144498,1422584932.500005,9129465.000000034,30.0,4579.534034932762,151.80716251515042,7688.457515728272,12751.72496396493,41478.34786926863,254129593.98452514,11533342.595249277,1616615.6905154863,10430.0,10724.0,8,3.9863013698630136,0.7856721776877823,0.2143278223122177,4.665749827585475,0.5187518158611084,0.37781622364935863,5.4536620310169144e-05,0.020585619829363362,0.028521458346835653,0.46959020106459926,,True,China,CHN,2025,False,nearest_past_year,2024,measured_multicenter_isolate_fraction,https://www.sciencedirect.com/science/article/pii/S2666606525001658,Five sentinel hospitals in China during 2024; 393/394 isolates displayed high-level azithromycin resistance.,China,/home/lkg/pertussis_transmission_analysis/outputs/calibrations/China_calibrated_config.yaml,d93df260fbd23170a66df75f30c0a583e9f8ef0a202e596441d8c381761b05fc,True,accepted,27380.740229507508,27104.333953472942,True,1.795716133865564e-05,1.6868967132961965e-16,0.1581309391325365,0.4765150503986344,0.4609424086851481,0.3913747557228922,15.277338759564154,15.676962286007358,0.0004539279628278085,0.0001460510036942343,0.8418837398467753,0.24057071347342368,0.11900962782433504,0.04220262242824617,0.5108354538588451,0.07061819566043119,1.0957861554841988,1.3511839984464338,4.501527522498535,33.723477587645874,32.723477587645874,0.25,calibrated_country_scenario_analysis,-0.02176739720641195,0.10649609736197356,-0.0745107988676186,-0.05186055555726199,0.16861967408141354,0.5237349901770497,-0.05613932058225618,0.5385386288086113,0.44163358955705645,0.229076567465725,0.12551099913617725,-0.046343070413472826,-0.15538381601087065,-0.3474079729846009,0.5125465602896617,0.139535929759096
sensitivity,lhs_027,sampled,country_timeline,,2026-01-01,2055-12-25,2026,2055,434987322.72251606,2004877250.096012,45750826.227747284,10792086.830187405,17281861.978328064,2004870898.3450232,0.9999968318504344,0.997,0.9999867908338217,1422584932.5000043,9129465.000000026,30.0,4697.732988948755,107.20115938841526,3940.3867332084897,6309.921402231864,68795.3732665376,352031526.03012025,22528267.81062453,2681294.833827123,1659.0,10598.0,7,4.4940639269406395,0.7830354338642505,0.21696456613574963,4.60904754085201,0.3334419542821199,0.2663346677043305,2.283101315281404e-05,0.013412959414807819,0.018147133271939578,0.3018590305822197,,True,China,CHN,2025,False,nearest_past_year,2024,measured_multicenter_isolate_fraction,https://www.sciencedirect.com/science/article/pii/S2666606525001658,Five sentinel hospitals in China during 2024; 393/394 isolates displayed high-level azithromycin resistance.,China,/home/lkg/pertussis_transmission_analysis/outputs/calibrations/China_calibrated_config.yaml,d93df260fbd23170a66df75f30c0a583e9f8ef0a202e596441d8c381761b05fc,True,accepted,27380.740229507508,27104.333953472942,True,1.795716133865564e-05,1.6868967132961965e-16,0.3452513049396142,0.4041750400167612,0.5739502673998083,0.1122616643646231,25.909941615606375,9.237063861864328,0.001011211317005069,0.0003524899177880204,0.37961750068909605,0.3451897950676802,0.15704323908171577,0.07383297521222106,0.2828821254086,0.22768414856369038,0.7841833008879744,1.1461782620676901,4.501527522498535,23.8143960805807,22.8143960805807,0.25,calibrated_country_scenario_analysis,-0.02176739720641195,0.10649609736197356,-0.0745107988676186,-0.05186055555726199,0.16861967408141354,0.5237349901770497,-0.05613932058225618,0.5385386288086113,0.44163358955705645,0.229076567465725,0.12551099913617725,-0.046343070413472826,-0.15538381601087065,-0.3474079729846009,0.5125465602896617,0.139535929759096
sensitivity,lhs_028,sampled,country_timeline,,2026-01-01,2055-12-25,2026,2055,375473456.1837582,1840751574.901381,28605757.68563091,17788632.523461796,30645309.92603838,1840705820.9634814,0.9999751438822471,0.9970000000000001,0.9999992883671879,1422584932.4999995,9129464.999999994,30.0,4313.161515229675,67.02765046948768,6494.952524038669,11189.158738961665,8846.773049135942,222789837.94032782,2243680.702178858,344802.35728624294,3150.0,10950.0,8,4.002739726027397,0.7960216569670058,0.2039783430329942,4.902481239580648,0.48104862172470225,0.3716860215344877,4.6996286246714356e-05,0.018639542839010127,0.025689767039347944,0.43667231556009756,,True,China,CHN,2025,False,nearest_past_year,2024,measured_multicenter_isolate_fraction,https://www.sciencedirect.com/science/article/pii/S2666606525001658,Five sentinel hospitals in China during 2024; 393/394 isolates displayed high-level azithromycin resistance.,China,/home/lkg/pertussis_transmission_analysis/outputs/calibrations/China_calibrated_config.yaml,d93df260fbd23170a66df75f30c0a583e9f8ef0a202e596441d8c381761b05fc,True,accepted,27380.740229507508,27104.333953472942,True,1.795716133865564e-05,1.6868967132961965e-16,0.1967365770025063,0.6535741190464899,0.5547512055134048,0.0475586743130988,24.01534059749237,9.712556099483667,0.0007469827183589179,0.00016559822558474298,0.8250811076529656,0.14595820452311323,0.011781436961529695,0.02980432015150297,0.06305107701568631,0.1444867690863352,1.0014821443436135,0.7023969589817589,4.501527522498535,14.889979042554991,13.889979042554991,0.25,calibrated_country_scenario_analysis,-0.02176739720641195,0.10649609736197356,-0.0745107988676186,-0.05186055555726199,0.16861967408141354,0.5237349901770497,-0.05613932058225618,0.5385386288086113,0.44163358955705645,0.229076567465725,0.12551099913617725,-0.046343070413472826,-0.15538381601087065,-0.3474079729846009,0.5125465602896617,0.139535929759096
sensitivity,lhs_029,sampled,country_timeline,,2026-01-01,2055-12-25,2026,2055,717099673.7692282,3788247506.323863,72409540.92573752,29030165.928092744,52005987.0911749,3788214404.5104694,0.9999912619718383,0.9969999999999999,0.999990755457925,1422584932.500007,9129465.000000047,30.0,8876.441328220064,169.6665913612324,10599.44035716317,18988.32957943488,83613.96453171795,603019146.5272677,47793507.095773965,3258848.386011286,10101.0,10549.0,8,3.9506849315068497,0.8107041125026423,0.1892958874973578,5.282734945913487,0.41059569165666676,0.3273798155878842,4.0107653090003085e-05,0.010674035218615855,0.014645090548811593,0.3852364582361493,,True,China,CHN,2025,False,nearest_past_year,2024,measured_multicenter_isolate_fraction,https://www.sciencedirect.com/science/article/pii/S2666606525001658,Five sentinel hospitals in China during 2024; 393/394 isolates displayed high-level azithromycin resistance.,China,/home/lkg/pertussis_transmission_analysis/outputs/calibrations/China_calibrated_config.yaml,d93df260fbd23170a66df75f30c0a583e9f8ef0a202e596441d8c381761b05fc,True,accepted,27380.740229507508,27104.333953472942,True,1.795716133865564e-05,1.6868967132961965e-16,0.40624418831108733,0.877472767433499,0.33964373669645603,0.3985172738058578,18.98466752128131,16.30751659296243,0.0008408035825081343,0.00038540334524545406,0.5448400098923927,0.15964118017980683,0.15332917631542461,0.0655964695707617,0.4223556813643388,0.1787080114412377,1.2276604135690259,1.07921000679158,4.501527522498535,37.69089281654783,36.69089281654783,0.25,calibrated_country_scenario_analysis,-0.02176739720641195,0.10649609736197356,-0.0745107988676186,-0.05186055555726199,0.16861967408141354,0.5237349901770497,-0.05613932058225618,0.5385386288086113,0.44163358955705645,0.229076567465725,0.12551099913617725,-0.046343070413472826,-0.15538381601087065,-0.3474079729846009,0.5125465602896617,0.139535929759096
sensitivity,lhs_030,sampled,country_timeline,,2026-01-01,2055-12-25,2026,2055,649842608.7628314,3253651596.9059796,78311244.85572425,20478007.521241914,34050070.88778551,3253630508.023855,0.9999935183957175,0.997,0.9999975245085894,1422584932.5000005,9129465.000000002,30.0,7623.801627056758,183.49518323217166,7476.892136703122,12432.298748351446,66416.6168494061,261681459.68192887,68639609.74549448,2588582.9697970073,10087.0,10913.0,8,3.8657534246575347,0.8002728351797741,0.1997271648202258,5.006830197084603,0.3410294690737553,0.28115936429747074,2.312290388713851e-05,0.010813629953037106,0.014414260096694066,0.315778456120137,,True,China,CHN,2025,False,nearest_past_year,2024,measured_multicenter_isolate_fraction,https://www.sciencedirect.com/science/article/pii/S2666606525001658,Five sentinel hospitals in China during 2024; 393/394 isolates displayed high-level azithromycin resistance.,China,/home/lkg/pertussis_transmission_analysis/outputs/calibrations/China_calibrated_config.yaml,d93df260fbd23170a66df75f30c0a583e9f8ef0a202e596441d8c381761b05fc,True,accepted,27380.740229507508,27104.333953472942,True,1.795716133865564e-05,1.6868967132961965e-16,0.5954029219796844,0.7401108627927397,0.4278734384519885,0.42173141323113533,14.645137941924432,9.38037042113511,0.0007091787297074976,0.0004237171898147339,0.7368859505166914,0.2595432267085466,0.08200878620564464,0.02208630759032188,0.31271949655872827,0.3923937509622128,1.2078659420598852,1.3739803040238323,4.501527522498535,40.762870451211676,39.762870451211676,0.25,calibrated_country_scenario_analysis,-0.02176739720641195,0.10649609736197356,-0.0745107988676186,-0.05186055555726199,0.16861967408141354,0.5237349901770497,-0.05613932058225618,0.5385386288086113,0.44163358955705645,0.229076567465725,0.12551099913617725,-0.046343070413472826,-0.15538381601087065,-0.3474079729846009,0.5125465602896617,0.139535929759096
sensitivity,lhs_031,sampled,country_timeline,,2026-01-01,2055-12-25,2026,2055,305418433.3033566,1439485940.2179816,32295779.538687255,18067109.630520552,30827297.350517318,1439479015.0764484,0.9999951891565317,0.997,0.9999992022433276,1422584932.4999948,9129464.999999966,30.0,3372.9349705405302,75.67393412012767,6596.629569027546,11255.605649954088,14741.349663700488,212292476.5578944,8112356.262878194,574543.0661998405,10458.0,10950.0,8,4.002739726027398,0.7878281233805543,0.21217187661944584,4.713159990537354,0.5507834067228357,0.43215740798197116,6.200494479021165e-05,0.023947135352222357,0.03305274363441633,0.49372152279140674,,True,China,CHN,2025,False,nearest_past_year,2024,measured_multicenter_isolate_fraction,https://www.sciencedirect.com/science/article/pii/S2666606525001658,Five sentinel hospitals in China during 2024; 393/394 isolates displayed high-level azithromycin resistance.,China,/home/lkg/pertussis_transmission_analysis/outputs/calibrations/China_calibrated_config.yaml,d93df260fbd23170a66df75f30c0a583e9f8ef0a202e596441d8c381761b05fc,True,accepted,27380.740229507508,27104.333953472942,True,1.795716133865564e-05,1.6868967132961965e-16,0.18039589634131747,0.6073286002695533,0.17908680201108956,0.1420623983462633,27.26373113971721,14.94285294774626,0.0009298206918012278,0.00010640436410322418,0.3727221930119727,0.29452501084275334,0.0854252096740062,0.03053937514438333,0.599645879640529,0.06154123329543485,1.1641782551803534,0.8552218022084521,4.501527522498535,16.81072341375478,15.81072341375478,0.25,calibrated_country_scenario_analysis,-0.02176739720641195,0.10649609736197356,-0.0745107988676186,-0.05186055555726199,0.16861967408141354,0.5237349901770497,-0.05613932058225618,0.5385386288086113,0.44163358955705645,0.229076567465725,0.12551099913617725,-0.046343070413472826,-0.15538381601087065,-0.3474079729846009,0.5125465602896617,0.139535929759096
sensitivity,lhs_032,sampled,country_timeline,,2026-01-01,2055-12-25,2026,2055,351461356.8866886,1791699666.2613478,14113896.119277753,7808339.052413028,13403383.985222785,1790349368.7520769,0.9992463594570576,0.997,0.999927258313488,1422584932.4999995,9129464.999999994,30.0,4198.2254165841605,33.07100990793921,2850.9662769260603,4893.818708698627,7865.073316470345,210588728.43872955,39831376.57175719,306540.6792607812,217.0,10950.0,8,4.002739726027397,0.8038391347027118,0.19616086529728827,5.097856794648958,0.2886713347587518,0.22407431622311477,1.6657072260620346e-05,0.013734847894922709,0.01798592501671084,0.25693390477485767,,True,China,CHN,2025,False,nearest_past_year,2024,measured_multicenter_isolate_fraction,https://www.sciencedirect.com/science/article/pii/S2666606525001658,Five sentinel hospitals in China during 2024; 393/394 isolates displayed high-level azithromycin resistance.,China,/home/lkg/pertussis_transmission_analysis/outputs/calibrations/China_calibrated_config.yaml,d93df260fbd23170a66df75f30c0a583e9f8ef0a202e596441d8c381761b05fc,True,accepted,27380.740229507508,27104.333953472942,True,1.795716133865564e-05,1.6868967132961965e-16,0.48064000822358577,0.8406149330534607,0.4996726124137307,0.1515095940088977,20.891223170349242,14.210920918946151,0.0004312666726245535,0.00046004126767585176,0.33673263715395246,0.05825868488388326,0.053867133947627946,0.024223276352804766,0.39990498408379616,0.4475043609933371,0.7666711922214787,0.5054153504245495,4.501527522498535,7.346619506967586,6.346619506967586,0.25,calibrated_country_scenario_analysis,-0.02176739720641195,0.10649609736197356,-0.0745107988676186,-0.05186055555726199,0.16861967408141354,0.5237349901770497,-0.05613932058225618,0.5385386288086113,0.44163358955705645,0.229076567465725,0.12551099913617725,-0.046343070413472826,-0.15538381601087065,-0.3474079729846009,0.5125465602896617,0.139535929759096
sensitivity,lhs_033,sampled,country_timeline,,2026-01-01,2055-12-25,2026,2055,566640829.4881505,2657221181.603752,44648652.661294214,16897586.93364148,27705254.784215495,2657118887.7932844,0.9999615034641542,0.9969999999999999,0.999998834468076,1422584932.5000014,9129465.00000001,30.0,6226.274253526275,104.61859872420227,6169.615610422392,10115.691256904782,29610.416522438034,427173606.6756811,59725.9233492833,1154063.9010923135,10458.0,10950.0,8,4.002739726027398,0.786754360754359,0.21324563924564133,4.689427664441395,0.3867747782526831,0.26143865546037265,3.1048090529132725e-05,0.014675452708787031,0.020376513720467896,0.35169176373289907,,True,China,CHN,2025,False,nearest_past_year,2024,measured_multicenter_isolate_fraction,https://www.sciencedirect.com/science/article/pii/S2666606525001658,Five sentinel hospitals in China during 2024; 393/394 isolates displayed high-level azithromycin resistance.,China,/home/lkg/pertussis_transmission_analysis/outputs/calibrations/China_calibrated_config.yaml,d93df260fbd23170a66df75f30c0a583e9f8ef0a202e596441d8c381761b05fc,True,accepted,27380.740229507508,27104.333953472942,True,1.795716133865564e-05,1.6868967132961965e-16,0.12135967427870287,0.4241295515289077,0.07166185712595413,0.20587577952642522,17.827923372164054,8.87926912309902,0.0002243283397353536,0.00037843863463862045,0.6230196041800142,0.18957230003569298,0.04080796880627961,0.08942210168470015,0.19843450680645586,0.0008034936328168973,0.8427318664577791,0.8226434891593728,4.501527522498535,23.240688455490012,22.240688455490012,0.25,calibrated_country_scenario_analysis,-0.02176739720641195,0.10649609736197356,-0.0745107988676186,-0.05186055555726199,0.16861967408141354,0.5237349901770497,-0.05613932058225618,0.5385386288086113,0.44163358955705645,0.229076567465725,0.12551099913617725,-0.046343070413472826,-0.15538381601087065,-0.3474079729846009,0.5125465602896617,0.139535929759096
sensitivity,lhs_034,sampled,country_timeline,,2026-01-01,2055-12-25,2026,2055,279775104.4121571,1323668871.7307315,29522401.943138763,11503841.552944228,18800982.019744515,1323627974.4805987,0.9999691031110527,0.997,0.9999987420483294,1422584932.4999998,9129464.999999994,30.0,3101.5579257414724,69.17548768367068,4200.261297876065,6864.579695065931,9446.051911599194,179294580.3829047,15055805.556456633,368159.20879599545,6069.0,10950.0,8,4.002739726027398,0.7886366368604377,0.21136336313956217,4.731188911579275,0.4367309879203741,0.3604293717361535,3.133027248441297e-05,0.02063507202482773,0.027266798413282507,0.3887977872097794,,True,China,CHN,2025,False,nearest_past_year,2024,measured_multicenter_isolate_fraction,https://www.sciencedirect.com/science/article/pii/S2666606525001658,Five sentinel hospitals in China during 2024; 393/394 isolates displayed high-level azithromycin resistance.,China,/home/lkg/pertussis_transmission_analysis/outputs/calibrations/China_calibrated_config.yaml,d93df260fbd23170a66df75f30c0a583e9f8ef0a202e596441d8c381761b05fc,True,accepted,27380.740229507508,27104.333953472942,True,1.795716133865564e-05,1.6868967132961965e-16,0.5083317873014771,0.6009330091461969,0.12310358264779728,0.26141009546074434,27.88204594822273,8.453832322250118,0.0008335331981188223,0.00012647051343747496,0.7890784609428128,0.17051888593290798,0.06750219497676839,0.037272269300506644,0.3166535553579831,0.2684078023889041,0.89021950300623,1.0071144312957498,4.501527522498535,15.367114237985465,14.367114237985465,0.25,calibrated_country_scenario_analysis,-0.02176739720641195,0.10649609736197356,-0.0745107988676186,-0.05186055555726199,0.16861967408141354,0.5237349901770497,-0.05613932058225618,0.5385386288086113,0.44163358955705645,0.229076567465725,0.12551099913617725,-0.046343070413472826,-0.15538381601087065,-0.3474079729846009,0.5125465602896617,0.139535929759096
sensitivity,lhs_035,sampled,country_timeline,,2026-01-01,2055-12-25,2026,2055,603406261.8668385,2984684333.36145,64854458.0144802,28452483.39176404,47978386.38128513,2984656720.687069,0.99999074854447,0.997,0.9999962547534237,1422584932.499994,9129464.99999996,30.0,6993.570331430135,151.96388052207553,10388.517980613382,17517.779476046457,55040.0409195962,488510628.7739269,19961285.027421195,2145181.7231890596,10066.0,10885.0,8,3.9397260273972607,0.7978324692088083,0.2021675307911917,4.946392707505776,0.44836134422020885,0.3710598725785778,4.270613402793997e-05,0.013023765102239153,0.017729907695161445,0.41756496528878034,,True,China,CHN,2025,False,nearest_past_year,2024,measured_multicenter_isolate_fraction,https://www.sciencedirect.com/science/article/pii/S2666606525001658,Five sentinel hospitals in China during 2024; 393/394 isolates displayed high-level azithromycin resistance.,China,/home/lkg/pertussis_transmission_analysis/outputs/calibrations/China_calibrated_config.yaml,d93df260fbd23170a66df75f30c0a583e9f8ef0a202e596441d8c381761b05fc,True,accepted,27380.740229507508,27104.333953472942,True,1.795716133865564e-05,1.6868967132961965e-16,0.4718063162174527,0.6855862041377913,0.7225901588986124,0.4419755396799108,21.364921758986554,20.679927573917734,0.0009905781041916525,0.00027720479883095947,0.6414142404303571,0.23628899749982657,0.04461625186538375,0.04516392678638205,0.08578942687752275,0.46725068751923615,1.1284037163909555,1.0430106806830182,4.501527522498535,33.75829199367624,32.75829199367624,0.25,calibrated_country_scenario_analysis,-0.02176739720641195,0.10649609736197356,-0.0745107988676186,-0.05186055555726199,0.16861967408141354,0.5237349901770497,-0.05613932058225618,0.5385386288086113,0.44163358955705645,0.229076567465725,0.12551099913617725,-0.046343070413472826,-0.15538381601087065,-0.3474079729846009,0.5125465602896617,0.139535929759096
sensitivity,lhs_036,sampled,country_timeline,,2026-01-01,2055-12-25,2026,2055,470626128.2713139,2227795124.894348,55559615.16258394,21038612.241024755,34864726.635324605,2227436691.713241,0.9998391085530703,0.9970000000000001,0.9999946394312905,1422584932.500001,9129465.000000006,30.0,5220.063547698107,130.18464696034098,7681.579092540743,12729.744344392793,24990.642766727688,453770742.64331436,9499998.617329156,974008.5439297794,1666.0,10950.0,8,3.9753424657534246,0.788748021300373,0.21125197869962709,4.733683472010789,0.4572121481149898,0.36247385438430885,4.2296644230798106e-05,0.01691343584226881,0.023088642773561867,0.41716777285492834,,True,China,CHN,2025,False,nearest_past_year,2024,measured_multicenter_isolate_fraction,https://www.sciencedirect.com/science/article/pii/S2666606525001658,Five sentinel hospitals in China during 2024; 393/394 isolates displayed high-level azithromycin resistance.,China,/home/lkg/pertussis_transmission_analysis/outputs/calibrations/China_calibrated_config.yaml,d93df260fbd23170a66df75f30c0a583e9f8ef0a202e596441d8c381761b05fc,True,accepted,27380.740229507508,27104.333953472942,True,1.795716133865564e-05,1.6868967132961965e-16,0.3302059564200049,0.5487674333025462,0.39185221578841917,0.2216735796434617,26.443651754393265,17.67443231139687,0.0007935139072308142,0.0001935885121287904,0.6988155636807056,0.13556025848694087,0.12624475568233112,0.08241934437126863,0.23507356908502125,0.12193025072901154,0.7773798951053569,1.1043235142338261,4.501527522498535,28.920104633300806,27.920104633300806,0.25,calibrated_country_scenario_analysis,-0.02176739720641195,0.10649609736197356,-0.0745107988676186,-0.05186055555726199,0.16861967408141354,0.5237349901770497,-0.05613932058225618,0.5385386288086113,0.44163358955705645,0.229076567465725,0.12551099913617725,-0.046343070413472826,-0.15538381601087065,-0.3474079729846009,0.5125465602896617,0.139535929759096
sensitivity,lhs_037,sampled,country_timeline,,2026-01-01,2055-12-25,2026,2055,538383089.8883553,2787864439.9128265,67979012.31987518,17097673.812660556,30694789.97294848,448574667.220377,0.16090261090112526,0.997,0.0007099816390584366,1422584932.500005,9129465.000000034,30.0,6532.391320949166,159.28518751755897,6242.67096069722,11207.22480194563,16184.982497981917,381029080.8875653,32410682.904829103,630808.5543672703,1330.0,10950.0,8,3.8657534246575342,0.8068833325679243,0.19311666743207567,5.178216946767305,0.38441657997186557,0.30130877306521736,3.090779700048027e-05,0.012075779807111995,0.0166441878149819,0.3556657045527713,,True,China,CHN,2025,False,nearest_past_year,2024,measured_multicenter_isolate_fraction,https://www.sciencedirect.com/science/article/pii/S2666606525001658,Five sentinel hospitals in China during 2024; 393/394 isolates displayed high-level azithromycin resistance.,China,/home/lkg/pertussis_transmission_analysis/outputs/calibrations/China_calibrated_config.yaml,d93df260fbd23170a66df75f30c0a583e9f8ef0a202e596441d8c381761b05fc,True,accepted,27380.740229507508,27104.333953472942,True,1.795716133865564e-05,1.6868967132961965e-16,0.20280299574882943,0.8191831067543458,0.5216372871861986,0.4330749527277887,23.902881094863154,12.858117779183594,0.0009013904847713976,0.0003614023162159036,0.6360755981711372,0.21787556005154712,0.009852565422475612,0.04045008222907438,0.1285934030032871,0.4939984043249837,0.7478271331454118,1.4055081519748884,4.501527522498535,35.38469702150106,34.38469702150106,0.25,calibrated_country_scenario_analysis,-0.02176739720641195,0.10649609736197356,-0.0745107988676186,-0.05186055555726199,0.16861967408141354,0.5237349901770497,-0.05613932058225618,0.5385386288086113,0.44163358955705645,0.229076567465725,0.12551099913617725,-0.046343070413472826,-0.15538381601087065,-0.3474079729846009,0.5125465602896617,0.139535929759096
sensitivity,lhs_038,sampled,country_timeline,,2026-01-01,2055-12-25,2026,2055,269828367.53699726,1394962710.581616,16459995.393992476,13499720.830571217,22811449.13519025,1394920900.3553078,0.9999700277104249,0.9970000000000001,0.9999988368612207,1422584932.4999945,9129464.999999968,30.0,3268.6102570812504,38.5682781110916,4928.99303904857,8328.874012219529,7439.015847465005,220580176.27895105,27651490.208724245,289935.11937623,1666.0,10950.0,8,4.002739726027397,0.8065694763808453,0.19343052361915467,5.1698148838644515,0.46634955570494346,0.3559519702175502,3.52443437388669e-05,0.023893853443564185,0.03140212891562079,0.4110183290020196,,True,China,CHN,2025,False,nearest_past_year,2024,measured_multicenter_isolate_fraction,https://www.sciencedirect.com/science/article/pii/S2666606525001658,Five sentinel hospitals in China during 2024; 393/394 isolates displayed high-level azithromycin resistance.,China,/home/lkg/pertussis_transmission_analysis/outputs/calibrations/China_calibrated_config.yaml,d93df260fbd23170a66df75f30c0a583e9f8ef0a202e596441d8c381761b05fc,True,accepted,27380.740229507508,27104.333953472942,True,1.795716133865564e-05,1.6868967132961965e-16,0.5459036515687778,0.8102616321894096,0.26397819839069886,0.1891195723443919,21.616708108624845,18.40513221203879,0.00033990893048761424,0.00011743526165166114,0.5238315890168619,0.052513064251167606,0.07415542560522734,0.044084612643033275,0.35300378108979696,0.4886942186978129,1.0585696906589541,0.5866837127957397,4.501527522498535,8.567820127351926,7.567820127351926,0.25,calibrated_country_scenario_analysis,-0.02176739720641195,0.10649609736197356,-0.0745107988676186,-0.05186055555726199,0.16861967408141354,0.5237349901770497,-0.05613932058225618,0.5385386288086113,0.44163358955705645,0.229076567465725,0.12551099913617725,-0.046343070413472826,-0.15538381601087065,-0.3474079729846009,0.5125465602896617,0.139535929759096
sensitivity,lhs_039,sampled,country_timeline,,2026-01-01,2055-12-25,2026,2055,542432289.7775683,2627638217.4671483,38431702.43828752,14690594.084426533,24190396.716436148,3148007.7469675676,0.0011980369771003017,0.997,0.868527719844404,1422584932.500005,9129465.000000034,30.0,6156.956859392152,90.05133673752816,5363.802473429523,8832.35279629787,131431.76401649282,349717221.2384958,17948471.891284678,5122543.757308466,10080.0,9380.0,4,8.029223744292237,0.7935666005419753,0.2064333994580249,4.844177359988372,0.35473487235447726,0.25086195551897184,2.665008413735582e-05,0.015295707651397253,0.020860502430977056,0.3185520121879656,,True,China,CHN,2025,False,nearest_past_year,2024,measured_multicenter_isolate_fraction,https://www.sciencedirect.com/science/article/pii/S2666606525001658,Five sentinel hospitals in China during 2024; 393/394 isolates displayed high-level azithromycin resistance.,China,/home/lkg/pertussis_transmission_analysis/outputs/calibrations/China_calibrated_config.yaml,d93df260fbd23170a66df75f30c0a583e9f8ef0a202e596441d8c381761b05fc,True,accepted,27380.740229507508,27104.333953472942,True,1.795716133865564e-05,1.6868967132961965e-16,0.39232623674297507,0.5205976095579378,0.5391690519475485,0.3119759912632619,15.889901489215891,13.310633913140858,0.0002089567448261807,0.00031829585390693384,0.6771133247033014,0.18454994111068007,0.14095255390096073,0.04790329352298249,0.051512924026442725,0.3039533408553042,0.7038226003546945,0.795836084806941,4.501527522498535,20.004617607568445,19.004617607568445,0.25,calibrated_country_scenario_analysis,-0.02176739720641195,0.10649609736197356,-0.0745107988676186,-0.05186055555726199,0.16861967408141354,0.5237349901770497,-0.05613932058225618,0.5385386288086113,0.44163358955705645,0.229076567465725,0.12551099913617725,-0.046343070413472826,-0.15538381601087065,-0.3474079729846009,0.5125465602896617,0.139535929759096
sensitivity,lhs_040,sampled,country_timeline,,2026-01-01,2055-12-25,2026,2055,133118655.77436131,616575216.1036141,6450255.280661153,2765413.789450737,4340909.532174354,616518718.4978075,0.9999083686720922,0.9970000000000001,0.9999940680750021,1422584932.5000045,9129465.000000032,30.0,1444.7297123649055,15.113931298113975,1009.7027552913296,1584.944839657212,5420.893633672937,57648018.77336778,7424978.475326836,211278.9480533786,10458.0,10950.0,8,4.002739726027398,0.7840998919554512,0.21590010804454882,4.63177165151608,0.2723691694394679,0.2280497998949904,1.3633596921221056e-05,0.016273204736076945,0.020525078974573632,0.23555725213189607,,True,China,CHN,2025,False,nearest_past_year,2024,measured_multicenter_isolate_fraction,https://www.sciencedirect.com/science/article/pii/S2666606525001658,Five sentinel hospitals in China during 2024; 393/394 isolates displayed high-level azithromycin resistance.,China,/home/lkg/pertussis_transmission_analysis/outputs/calibrations/China_calibrated_config.yaml,d93df260fbd23170a66df75f30c0a583e9f8ef0a202e596441d8c381761b05fc,True,accepted,27380.740229507508,27104.333953472942,True,1.795716133865564e-05,1.6868967132961965e-16,0.6071477829156869,0.4354298803869276,0.22200112333330446,0.48958751843855813,16.839644362890866,8.664616882210412,0.0007275224898782243,0.00018447609746888424,0.42728573516989005,0.14245743730019364,0.12164192766356731,0.02597441542674704,0.5767428713408,0.23018571447041802,0.8505093363566504,0.569061999368633,4.501527522498535,3.3575116941026972,2.3575116941026972,0.25,calibrated_country_scenario_analysis,-0.02176739720641195,0.10649609736197356,-0.0745107988676186,-0.05186055555726199,0.16861967408141354,0.5237349901770497,-0.05613932058225618,0.5385386288086113,0.44163358955705645,0.229076567465725,0.12551099913617725,-0.046343070413472826,-0.15538381601087065,-0.3474079729846009,0.5125465602896617,0.139535929759096
sensitivity,lhs_041,sampled,country_timeline,,2026-01-01,2055-12-25,2026,2055,280434306.96861356,1362869159.2743537,34735787.69765275,7954720.976317505,12724041.479397912,1362856988.3668497,0.9999910696434641,0.9970000000000001,0.9999994573960812,1422584932.499997,9129464.999999981,30.0,3193.410174531839,81.39124515307354,2904.4129735669144,4645.778432579907,6148.461543700538,140885052.66599756,16688774.748449396,239635.8561677824,1687.0,10950.0,8,4.002739726027398,0.7942324066398804,0.2057675933601198,4.859851756393297,0.31535303765036143,0.2653287292920675,1.6701426493109233e-05,0.016398573624564726,0.02058570902654771,0.2783520535727559,,True,China,CHN,2025,False,nearest_past_year,2024,measured_multicenter_isolate_fraction,https://www.sciencedirect.com/science/article/pii/S2666606525001658,Five sentinel hospitals in China during 2024; 393/394 isolates displayed high-level azithromycin resistance.,China,/home/lkg/pertussis_transmission_analysis/outputs/calibrations/China_calibrated_config.yaml,d93df260fbd23170a66df75f30c0a583e9f8ef0a202e596441d8c381761b05fc,True,accepted,27380.740229507508,27104.333953472942,True,1.795716133865564e-05,1.6868967132961965e-16,0.6896087743114537,0.6328671240995506,0.6782628107261011,0.47460129861054656,18.850936810424017,9.95918067274213,0.0005184367998763795,0.00020359608913923693,0.3986660912586256,0.10887984828221547,0.027798876064637445,0.027989514600050353,0.45203018007771517,0.25559261187740456,1.1861066064219528,1.4390305766464744,4.501527522498535,18.080805847855398,17.080805847855398,0.25,calibrated_country_scenario_analysis,-0.02176739720641195,0.10649609736197356,-0.0745107988676186,-0.05186055555726199,0.16861967408141354,0.5237349901770497,-0.05613932058225618,0.5385386288086113,0.44163358955705645,0.229076567465725,0.12551099913617725,-0.046343070413472826,-0.15538381601087065,-0.3474079729846009,0.5125465602896617,0.139535929759096
sensitivity,lhs_042,sampled,country_timeline,,2026-01-01,2055-12-25,2026,2055,298894926.3630937,1470537482.0679789,24585603.663364954,8361468.446494348,14214068.279249143,1470468331.2830245,0.9999529758433242,0.997,0.9999986338440873,1422584932.4999986,9129464.999999989,30.0,3445.6934661040127,57.607816826231286,3052.9238557039794,5189.814254997112,5693.704333250367,239040473.30447972,19424911.506198253,221911.72587923077,1687.0,10950.0,8,4.002739726027397,0.7967444352776609,0.2032555647223391,4.919914499591034,0.3678313145824894,0.2937112957819011,2.4615076544719843e-05,0.015268518978097317,0.02065914585243052,0.33187903467541685,,True,China,CHN,2025,False,nearest_past_year,2024,measured_multicenter_isolate_fraction,https://www.sciencedirect.com/science/article/pii/S2666606525001658,Five sentinel hospitals in China during 2024; 393/394 isolates displayed high-level azithromycin resistance.,China,/home/lkg/pertussis_transmission_analysis/outputs/calibrations/China_calibrated_config.yaml,d93df260fbd23170a66df75f30c0a583e9f8ef0a202e596441d8c381761b05fc,True,accepted,27380.740229507508,27104.333953472942,True,1.795716133865564e-05,1.6868967132961965e-16,0.30703495336507164,0.6692480237919254,0.702002233749066,0.1295101239377742,21.26444359172048,12.609139351957968,0.0009380290657533484,0.0002273772341315502,0.5269305189177469,0.22129067963407917,0.0009744400543241202,0.06426365252924686,0.41032265944026847,0.32763538445339163,0.7974877734406854,0.9052735051914016,4.501527522498535,12.797393004554273,11.797393004554273,0.25,calibrated_country_scenario_analysis,-0.02176739720641195,0.10649609736197356,-0.0745107988676186,-0.05186055555726199,0.16861967408141354,0.5237349901770497,-0.05613932058225618,0.5385386288086113,0.44163358955705645,0.229076567465725,0.12551099913617725,-0.046343070413472826,-0.15538381601087065,-0.3474079729846009,0.5125465602896617,0.139535929759096
sensitivity,lhs_043,sampled,country_timeline,,2026-01-01,2055-12-25,2026,2055,989467337.3646898,5327707690.881743,108345637.26030967,49789747.26579036,87565524.39738998,5327634558.27863,0.9999862731577338,0.997,0.9999992206678648,1422584932.500001,9129465.000000006,30.0,12483.631191751334,253.87034260678982,18179.140203648418,31971.761907694818,49146.29862621639,982819502.2681155,5520316.656822043,1915473.5318849569,2744.0,10950.0,8,3.8493150684931514,0.8142789742278576,0.18572102577214245,5.38441996991165,0.4261842048421571,0.3530159422939817,4.190794151489027e-05,0.008466170412984291,0.011511004055745304,0.4061651224319126,,True,China,CHN,2025,False,nearest_past_year,2024,measured_multicenter_isolate_fraction,https://www.sciencedirect.com/science/article/pii/S2666606525001658,Five sentinel hospitals in China during 2024; 393/394 isolates displayed high-level azithromycin resistance.,China,/home/lkg/pertussis_transmission_analysis/outputs/calibrations/China_calibrated_config.yaml,d93df260fbd23170a66df75f30c0a583e9f8ef0a202e596441d8c381761b05fc,True,accepted,27380.740229507508,27104.333953472942,True,1.795716133865564e-05,1.6868967132961965e-16,0.572156801377524,0.9497708246189638,0.5130169318810934,0.03341475393612314,24.982776787460207,19.591014337408353,0.0008707398409911608,0.0004997651912267923,0.8126167561341262,0.30355135094326224,0.16697808714564766,0.06148163289971342,0.07666795525222339,0.09205598173342266,0.9323249956294355,1.141766654545729,4.501527522498535,56.39648793391831,55.39648793391831,0.25,calibrated_country_scenario_analysis,-0.02176739720641195,0.10649609736197356,-0.0745107988676186,-0.05186055555726199,0.16861967408141354,0.5237349901770497,-0.05613932058225618,0.5385386288086113,0.44163358955705645,0.229076567465725,0.12551099913617725,-0.046343070413472826,-0.15538381601087065,-0.3474079729846009,0.5125465602896617,0.139535929759096
sensitivity,lhs_044,sampled,country_timeline,,2026-01-01,2055-12-25,2026,2055,330692327.0125679,1629341076.5247319,44596651.90386152,11283653.685000934,18422555.059750084,1629311445.3994699,0.999981814043917,0.997,0.999999541186013,1422584932.4999933,9129464.999999955,30.0,3817.7944934399416,104.49675302336,4119.86671179563,6726.409145096006,34760.81680063695,216498340.65812296,8743006.015002001,1354800.3896432538,5719.0,10950.0,8,4.153424657534246,0.7970392253794331,0.20296077462056686,4.927060422731881,0.3616306190968647,0.29826883449694575,2.2467925695374423e-05,0.01656516745649745,0.021434612730019304,0.32360837098465267,,True,China,CHN,2025,False,nearest_past_year,2024,measured_multicenter_isolate_fraction,https://www.sciencedirect.com/science/article/pii/S2666606525001658,Five sentinel hospitals in China during 2024; 393/394 isolates displayed high-level azithromycin resistance.,China,/home/lkg/pertussis_transmission_analysis/outputs/calibrations/China_calibrated_config.yaml,d93df260fbd23170a66df75f30c0a583e9f8ef0a202e596441d8c381761b05fc,True,accepted,27380.740229507508,27104.333953472942,True,1.795716133865564e-05,1.6868967132961965e-16,0.6421094718085032,0.7023545067165465,0.10024000246081119,0.3486202174087846,20.469059073751797,7.5686257392348635,0.0005548587983640326,0.00021350339924496262,0.7441144689932462,0.3293367689385464,0.11409029555962212,0.0553666199153012,0.10770073849786142,0.36309670906429337,1.0428233654042898,1.470057546007828,4.501527522498535,23.213620821174043,22.213620821174043,0.25,calibrated_country_scenario_analysis,-0.02176739720641195,0.10649609736197356,-0.0745107988676186,-0.05186055555726199,0.16861967408141354,0.5237349901770497,-0.05613932058225618,0.5385386288086113,0.44163358955705645,0.229076567465725,0.12551099913617725,-0.046343070413472826,-0.15538381601087065,-0.3474079729846009,0.5125465602896617,0.139535929759096
sensitivity,lhs_045,sampled,country_timeline,,2026-01-01,2055-12-25,2026,2055,660592721.0520407,3273155343.4084334,64412248.39228109,30261159.113390416,51063845.045973025,3273151148.324341,0.9999987183363903,0.9969999999999999,0.9999984547135893,1422584932.5000052,9129465.000000034,30.0,7669.5018779565235,150.92771597377802,11048.898306523732,18644.336422770608,73264.9174319604,652459418.904121,9138524.93250444,2855495.0032757223,8981.0,10822.0,8,3.9917808219178084,0.7981786222330207,0.20182137776697942,4.954876490609375,0.42904419835904456,0.35831461858946123,3.982779303448156e-05,0.013106719622571403,0.01775924314794079,0.3981384077954979,,True,China,CHN,2025,False,nearest_past_year,2024,measured_multicenter_isolate_fraction,https://www.sciencedirect.com/science/article/pii/S2666606525001658,Five sentinel hospitals in China during 2024; 393/394 isolates displayed high-level azithromycin resistance.,China,/home/lkg/pertussis_transmission_analysis/outputs/calibrations/China_calibrated_config.yaml,d93df260fbd23170a66df75f30c0a583e9f8ef0a202e596441d8c381761b05fc,True,accepted,27380.740229507508,27104.333953472942,True,1.795716133865564e-05,1.6868967132961965e-16,0.5191822979570015,0.7236630352026423,0.35179392057108333,0.1806000015386905,27.627573957993807,19.075674822840305,0.00106673978207369,0.00028497831136338193,0.35896325085483693,0.3363421243035637,0.14388976343207788,0.07073555919276832,0.38403783122941876,0.04392771894760588,1.152486572281614,0.9554563232672486,4.501527522498535,33.528111339860665,32.528111339860665,0.25,calibrated_country_scenario_analysis,-0.02176739720641195,0.10649609736197356,-0.0745107988676186,-0.05186055555726199,0.16861967408141354,0.5237349901770497,-0.05613932058225618,0.5385386288086113,0.44163358955705645,0.229076567465725,0.12551099913617725,-0.046343070413472826,-0.15538381601087065,-0.3474079729846009,0.5125465602896617,0.139535929759096
sensitivity,lhs_046,sampled,country_timeline,,2026-01-01,2055-12-25,2026,2055,746807539.4042857,3580444232.053525,88646812.35598674,24419507.67420981,38840372.69853984,3580388717.8095856,0.9999844951519026,0.997,0.99999794139255,1422584932.499997,9129464.99999998,30.0,8389.526582340002,207.7129932767346,8916.005364392424,14181.32486351972,64289.8286235785,452418480.4841519,140583579.9105194,2505691.548298898,10080.0,10948.0,8,3.8657534246575347,0.7914204241142551,0.20857957588574486,4.794333269465354,0.3422730400130147,0.2706587362213375,2.3624064926775168e-05,0.010873408503094038,0.014558553258840489,0.3168174541861534,,True,China,CHN,2025,False,nearest_past_year,2024,measured_multicenter_isolate_fraction,https://www.sciencedirect.com/science/article/pii/S2666606525001658,Five sentinel hospitals in China during 2024; 393/394 isolates displayed high-level azithromycin resistance.,China,/home/lkg/pertussis_transmission_analysis/outputs/calibrations/China_calibrated_config.yaml,d93df260fbd23170a66df75f30c0a583e9f8ef0a202e596441d8c381761b05fc,True,accepted,27380.740229507508,27104.333953472942,True,1.795716133865564e-05,1.6868967132961965e-16,0.6137882031057169,0.5010546564541712,0.6265571391894649,0.48574672214279685,18.51843016181703,14.345764419448177,0.00029760815597640317,0.00044128913444541317,0.7681269773967696,0.3192708878901808,0.11217953064617639,0.03446667877365575,0.4844471626970551,0.418228438472568,0.9790823542948957,1.3254282337703684,4.501527522498535,46.14277980942905,45.14277980942905,0.25,calibrated_country_scenario_analysis,-0.02176739720641195,0.10649609736197356,-0.0745107988676186,-0.05186055555726199,0.16861967408141354,0.5237349901770497,-0.05613932058225618,0.5385386288086113,0.44163358955705645,0.229076567465725,0.12551099913617725,-0.046343070413472826,-0.15538381601087065,-0.3474079729846009,0.5125465602896617,0.139535929759096
sensitivity,lhs_047,sampled,country_timeline,,2026-01-01,2055-12-25,2026,2055,436029912.32462746,2010982283.5797737,31870003.72660944,14641520.099112399,23827050.21309942,441401220.79005015,0.21949533041350644,0.9970000000000001,0.0046254813308361205,1422584932.500006,9129465.000000037,30.0,4712.038012956543,74.67627649385662,5345.884670902526,8699.688394701232,33479.39353487088,190726464.0160652,29843395.38294513,1304857.0079985047,1666.0,10906.0,8,3.9863013698630136,0.7831756570483329,0.21682434295166708,4.612028273148798,0.41175600479339103,0.3309133384479625,3.269170442383235e-05,0.01559378328353393,0.021354587105163962,0.3747749427002692,,True,China,CHN,2025,False,nearest_past_year,2024,measured_multicenter_isolate_fraction,https://www.sciencedirect.com/science/article/pii/S2666606525001658,Five sentinel hospitals in China during 2024; 393/394 isolates displayed high-level azithromycin resistance.,China,/home/lkg/pertussis_transmission_analysis/outputs/calibrations/China_calibrated_config.yaml,d93df260fbd23170a66df75f30c0a583e9f8ef0a202e596441d8c381761b05fc,True,accepted,27380.740229507508,27104.333953472942,True,1.795716133865564e-05,1.6868967132961965e-16,0.255749151168759,0.4459350928207096,0.3145086666343151,0.4076395683259084,14.226237012702383,12.105422907742064,0.0010351266696168734,0.00021679249650333112,0.7752546116690764,0.15204586040392742,0.10036282718343124,0.025027707767375264,0.1525779739206935,0.15076882852516837,0.8373483563347055,0.72638870174504,4.501527522498535,16.5890969500078,15.5890969500078,0.25,calibrated_country_scenario_analysis,-0.02176739720641195,0.10649609736197356,-0.0745107988676186,-0.05186055555726199,0.16861967408141354,0.5237349901770497,-0.05613932058225618,0.5385386288086113,0.44163358955705645,0.229076567465725,0.12551099913617725,-0.046343070413472826,-0.15538381601087065,-0.3474079729846009,0.5125465602896617,0.139535929759096
sensitivity,lhs_048,sampled,country_timeline,,2026-01-01,2055-12-25,2026,2055,654742354.7839215,3722128057.689438,87476474.13816239,42031989.18714291,77826491.42177156,3722103246.5111027,0.9999933341416656,0.997,0.9999996657165787,1422584932.5000043,9129465.000000026,30.0,8721.513381860188,204.97071244440943,15346.641958078519,28415.864245338707,25484.758315397252,616811846.3660538,19721434.169697482,993266.6626818718,1295.0,10950.0,8,3.8547945205479457,0.824094618821266,0.17590538117873403,5.68487440974827,0.5087279038602601,0.3739376203761754,6.319088513303751e-05,0.012112751900607656,0.016781524262588363,0.479770436811931,,True,China,CHN,2025,False,nearest_past_year,2024,measured_multicenter_isolate_fraction,https://www.sciencedirect.com/science/article/pii/S2666606525001658,Five sentinel hospitals in China during 2024; 393/394 isolates displayed high-level azithromycin resistance.,China,/home/lkg/pertussis_transmission_analysis/outputs/calibrations/China_calibrated_config.yaml,d93df260fbd23170a66df75f30c0a583e9f8ef0a202e596441d8c381761b05fc,True,accepted,27380.740229507508,27104.333953472942,True,1.795716133865564e-05,1.6868967132961965e-16,0.2798793635713,0.9176016131130899,0.45151249051156206,0.09975682074544963,20.282468803463257,20.85502280505633,0.0002480255555438368,0.0003145912417457373,0.7072041152035685,0.20278263394479878,0.09260921874920018,0.05234561350472465,0.37552273632133537,0.10968910018417673,1.1710497315634698,1.2930346764258949,4.501527522498535,45.53359085776335,44.53359085776335,0.25,calibrated_country_scenario_analysis,-0.02176739720641195,0.10649609736197356,-0.0745107988676186,-0.05186055555726199,0.16861967408141354,0.5237349901770497,-0.05613932058225618,0.5385386288086113,0.44163358955705645,0.229076567465725,0.12551099913617725,-0.046343070413472826,-0.15538381601087065,-0.3474079729846009,0.5125465602896617,0.139535929759096
